Date,Prospect,Company,Status,Last_Contact,Next_Action,Estimated_Value,Notes
2026-08-10,-- WEEK OF AUG 11: TIER 1 LEADS (52 enriched, 0 contacted) --,,,2026-08-10,,,
2026-08-10,Chris Brown,LA Payment Pros,New,2026-08-10,Call + Email + LinkedIn -- Score 100,$297,Square specialist — hiring sales reps
2026-08-10,John Williams,LA Payment Pros,New,2026-08-10,Call + Email + LinkedIn -- Score 100,$297,Square specialist — different contact
2026-08-10,Lisa Davis,LA Payment Pros,New,2026-08-10,Email sequence -- Score 100,$297,Square — hiring sales reps
2026-08-10,Chris Garcia,Bay Area POS Solutions,New,2026-08-10,Call + Email + LinkedIn -- Score 100,$297,Toast specialist SF — launched new service
2026-08-10,Anna Davis,Bay Area POS Solutions,New,2026-08-10,Email sequence -- Score 100,$297,Toast SF — received funding
2026-08-10,John Jones,San Diego Tech Partners,New,2026-08-10,Call + Email + LinkedIn -- Score 100,$297,Toast SD — prime target
2026-08-10,Tom Williams,NorCal Restaurant Tech,New,2026-08-10,Call + Email + LinkedIn -- Score 100,$297,Toast Alameda — hiring
2026-08-10,David Martinez,OC Tech Systems,New,2026-08-10,Call + Email + LinkedIn -- Score 100,$297,Toast Orange — high value
2026-08-10,John Martinez,LA Payment Pros,New,2026-08-10,Email sequence -- Score 100,$297,Square LA
2026-08-10,Emma Martinez,LA Payment Pros,New,2026-08-10,Email sequence -- Score 100,$297,Square LA
2026-08-10,Rachel Jones,LA Payment Pros,New,2026-08-10,Email sequence -- Score 98,$97,Square LA — launched new service
2026-08-10,Lisa Rodriguez,NorCal Restaurant Tech,New,2026-08-10,Call + LinkedIn -- Score 95,$97,Toast Alameda
2026-08-10,Chris Williams,NorCal Restaurant Tech,New,2026-08-10,Call + LinkedIn -- Score 93,$97,Toast Alameda — launched new service
2026-08-10,Mike Davis,Bay Area POS Solutions,New,2026-08-10,Email sequence -- Score 93,$97,Toast SF — hiring
2026-08-10,Sarah Williams,Bay Area POS Solutions,New,2026-08-10,Email sequence -- Score 92,$97,Toast SF
2026-08-10,-- TIER 1 SUBTOTAL: 52 leads, ~$15,444 pipeline --,,,2026-08-10,,,
2026-08-10,-- TIER 2: 35 leads (Riverside/Santa Clara/CC/Sac), ~$10,395 --,,,2026-08-10,,LinkedIn + Email sequence
2026-08-10,-- TIER 3: 13 leads (nurture only), ~$1,261 --,,,2026-08-10,,Email-only sequence
2026-08-10,-- TOTAL PIPELINE: 100 leads, ~$27,100 potential --,,,2026-08-10,,,
2026-08-10,-- BLOCKED: SendGrid DNS (15 weeks) + Scraper dead (39 days) --,,,2026-08-10,,,
2026-08-10,-- GO/NO-GO: Aug 12 — pivot to phone if DNS not fixed --,,,2026-08-10,,,
