vendor_id,vendor_name,client_name,email,phone
145,22ND & IRVING MARKET,22nd & Irving Market,,415-681-5212
355,A&W,A&W - San Rafael,bigbromberger@gmail.com,415-479-9652
2,AGUACHILES EL TAMARINDO,Aguachiles El Tamarindo,eg333366@gmail.com,510-500-7552
1230,ALEJANDRO'S TAQUERIA,Alejandro's Taqueria - Sacramento,lbarr@sbcglobal.net,
79,AMAKARA,Amakara,amakaracompany@gmail.com,925-803-8485
1066,ANTONIO'S QUICK LUNCH,Antonio's Quick Lunch,aql761@hotmail.com,
1032,ARMANDO'S BAR & GRILL,Armando's Bar & Grill,amandaalvarez89@gmail.com,760-346-0744
97,ATWATER TAVERN,Atwater Tavern,fanny@atwatertavern.com,415-512-7153
494,BAAN THAI RESTAURANT,Baan Thai Restaurant,,831-521-3365
1192,BARREL HEAD BREWHOUSE,Barrel Head Brewhouse,natasha@barrelheadsf.com,
286,BELLAM PRODUCE,Bellam Produce,,415-256-9837
1265,BESO,Beso,beso@fe.fake,
756,BLUE & GOLD FLEET,Blue & Gold Fleet,,415-705-8265
59,BLUE BARN,Blue Barn - Novato,,415-895-6771
921,BLUE BARN STEINER,Blue Barn- Steiner,,415-896-4866
70,BUCKEYE ROADHOUSE,Buckeye Roadhouse,buckeyeroadhouse@comcast.net,415-331-2600
117,BULL VALLEY ROADHOUSE,Bull Valley Roadhouse,accounting@bullvalleyroadhouse.com,510-787-1135
232,BUNGALOW 44,Bungalow 44,peterschumacher2@gmail.com,415-381-2500
428,CAFFE GRECO,Caffe Greco,hanna12@msn.com,415-397-6261
37,CASA LUPE,Casa Lupe,,530-846-3218
137,CELIA'S/XALISCO CORP,Celia's/Xalisco Corp,rosendor@xaliscofoods.com,510-786-9273
177,CHUCK CORICA GOLF COMPLEX,Chuck Corica Golf Complex,ap@greenwaygolf.com,510-747-7826
123,CLYDE'S LIQUOR,Clyde's Liquor,clydesliquors@gmail.com,
93,COCO'S MERCADO,Coco's Mercado,abundiz.maria@yahoo.com,510-445-1880
1198,COUNTRY GABLES CAFÉ,Country Gables Café,brokersukhi@yahoo.com,916-797-0669
114,DE ANZA COLLEGE,De Anza College,gannonpatrick@deanza.edu,408-864-8515
889,DEPOT BOOKSTORE & CAFÉ,Depot Bookstore & Café,,415-383-2665
94,DITA'S MARIN,Ditas Marin,,415-758-8762
311,DIYAR,Diyar,,510-845-5300
40,DOLAN'S DEN,Dolan's Den,derekdeez@yahoo.com,707-544-1447
72,DUBOCE PARK CAFÉ,Duboce Park Café,dan@parkcafegroup.com,415-621-1108
1086,EL AGAVE AZUL,El Agave Azul,,510-307-5749
401,EL POLLO LICO,El Pollo Lico,,310-549-2824
20,EL YUCATERO TACO TRUCK,El Yucatero Taco Truck,,415-827-8284
1225,ERNEST,Ernest - San Francisco,info@ernestsf.com,
66,FARM HOUSE LOCAL,Farm House Local,,415-891-8577
127,FATTORIA E MARE,Fattoria E Mare,cesar@fattoriaemare.com,650-342-4922
917,FLOWERCRAFT,Flowercraft,accountspayable@floorcrafthome.com,415-824-4056
9,FORGE IN THE FOREST,Forge in the Forest,email@forgeintheforest.com,831-624-2233
1290,FORKS RANCH MARKET,Forks Ranch Market,,707-462-4334
46,GASPARE'S,Gaspare's - SF,daniel.indelicato@gmail.com,415-387-5025
46,GASPARE'S,Gaspare's - SR,daniel.indelicato@gmail.com,415-472-7101
1153,GLEN ELLEN MARKET,Glen Ellen Market,,707-996-6614
1015,GRILLY'S,Grilly's - Mill Valley,holly@grillys.com,415-381-3278
147,GROSSMAN'S NOSHERY & BAR,Grossman's Noshery & Bar,info@grossmanssr.com,707-595-7707
251,GUERRA QUALITY MEATS,Guerra Quality Meats,topsirloin@sbcglobal.net,415-564-0585
247,HI WAY BURGER & FRY,Hi Way Burger & Fry - 24th St,roadsidebbq@yahoo.com,415-641-6000
247,HI WAY BURGER & FRY,Hi Way Burger & Fry - Columbus,,415-658-7575
549,IL BORGO,Il Borgo,,415-255-9108
348,ISABEL'S VINTAGE CAFÉ,Isabel's Vintage Café,,209-599-6484
223,JAVA HUT,Java Hut - Fairfax,lc.javahut@gmail.com,415-457-4581
223,JAVA HUT,Java Hut - Petaluma,lc.javahut@gmail.com,707-763-5496
113,KEY'S JAZZ BISTRO,Key's Jazz Bistro,info@keysjazzbistro.com,
30,KEZAR PUB,Kezar Pub,cyrilhackett@yahoo.com,415-386-9292
478,KIENTZ HALL,Kientz Hall,linda@kientzhall.com,
1128,LA AZTECA MARKET #2,La Azteca Market #2,aztecamarketsanrafael@gmail.com,415-457-2518
528,LA BURRITA - EUCLID,La Burrita - Durant,,510-845-4859
528,LA BURRITA - EUCLID,La Burrita - Euclid,,510-845-4859
1090,LA CABANA,La Cabana,barbara@lacabanavenice.com,
1113,LA ESPERANZA TRI COLOR,La Esperanza Tri Color,rogeliodharo@gmail.com,
1268,LA PENCA AZUL,La Penca Azul - Island Dr.,galdina@lapencaazul.com,510-814-0560
310,LA VAL'S PIZZA,La Val's Pizza,,510-540-9333
510,LAS GUITARRAS,Las Guitarras,lasguitarrasrestaurant@gmail.com,415-892-3171
517,LAS MONTANAS MKT,Las Montanas Mkt - Concord,p.gonzalez@lasmontanas.com,925-687-7417
517,LAS MONTANAS MKT,Las Montanas Mkt - Concord #2,p.gonzalez@lasmontanas.com,925-686-5123
517,LAS MONTANAS MKT,Las Montanas Mkt - San Pablo,p.gonzalez@lasmontanas.com,510-236-3397
128,LONE PALM,Lone Palm,j.seabrook@mac.com,
1330,LOST MARBLES BREWPUB,Lost Marbles Brewpub,natasha@barrelheadsf.com,
274,LOTUS INDIAN CUISINE,Lotus Indian Cuisine,,415-456-5808
934,LUNA DE XELAJU,Luna De Xelaju,,415-309-5544
254,MAGNOLIA OF MILLBRAE,Magnolia of Millbrae,kpiano@themagnolia.com,650-697-7700
24,MALIBU FARMS,Malibu Farms,,415-435-1873
11,MAMANOKO,Mamanoko,,415-346-8494
1297,MAMITA,Mamita,,415-883-0901
895,MARIN RESOURCE RECOVERY,Marin Resource Recovery,nelson.alcantara@marinsanitary.com,415-485-5647
48,MARINA SUPER,Marina Super,juanfg86@yahoo.com,415-346-7470
22,MARINITAS,Marinitas,info@marinitas.net,415-454-8900
221,MARISCOS LA LANGOSTA,Mariscos la Langosta,,559-596-0762
143,MCINNIS PARK GOLF CENTER,McInnis Park Golf Center,erick@mcinnisparkgolfcenter.com,415-491-5961
331,MERSEA RESTAURANT,Mersea Restaurant,,415-999-9836
161,MONICA'S RIVERVIEW,Monica's Riverview,monica@monicaslivermore.com,925-757-2272
871,MONTI'S ROTISSERIE & BAR,Monti's Rotisserie & Bar,info@montismv.com,707-568-4404
757,MOYLAN'S,Moylan's,chris@moylans.com,415-898-4677
1010,NIEVES MANGOMAN,Nieves Mangoman,,510-335-6145
418,OCEANVIEW DINER,Oceanview Diner,office@oceanviewonfourth.com,510-644-3230
423,OLD CHICAGO PIZZA,Old Chicago Pizza,kimm@pdfbookkeeping.net,707-763-3897
157,PARADISE PARK CAFÉ,Paradise Park Café,dan@parkcafegroup.com,510-756-3131
1445,PARSON'S LUMBER & HARDWARE,Parson's Lumber & Hardware,alanj516@gmail.com,707-996-1008
509,PETE'S 881 CLUB,Pete's 881 Club,petes881@gmail.com,415-453-5888
293,PETRIFIED FOREST GIFT SHOP,Petrified Forest Gift Shop,pforest@sonic.net,707-942-6667
41,POGGIO TRATTORIA,Poggio Trattoria,amy@poggiotrattoria.com,415-332-7771
412,PRECITA PARK CAFÉ,Precita Park Café,dan@parkcafegroup.com,415-647-7702
252,RIO ADOBE,Rio Adobe,jim@rioadobe.com,408-873-1600
463,RIVER FRONT CAFÉ,River Front Café,elias@ninonmotors.com,
125,ROCKRIDGE CAFÉ,Rockridge Café,,510-653-1567
1344,ROKA AKOR,Roka Akor,achan@rokaakor.com,
437,SABELLA LATORRE,Sabella LaTorre,,415-673-2824
1189,SAI'S RESTAURANT & BAR,Sai's Restaurant & Bar,charles.vong@outlook.com,
222,SALAM HALAL MARKET,Salam Halal Market,cleqq.inc@gmail.com,510-314-3861
1277,SAN ANSELMO SWIRL,San Anselmo Swirl,rflaster@earthlink.net,415-615-0760
29,SAN RAFAEL JOE'S,San Rafael Joe's,cynthiarosefarina@gmail.com,415-456-2425
162,SAUSALITO YACHT CLUB,Sausalito Yacht Club,office@sausalitoyachtclub.org,415-332-7400
225,SERVINO'S RESTAURANT,Servino's Restaurant,,415-435-8515
151,SORELLA CAFFE,Sorella Caffe,sorellasonia@gmail.com,415-258-4520
155,STATE BIRD PROVISIONS,State Bird Provisions,gm@statebirdsf.com,415-795-1272
295,SUN'S MARKET,Sun's Market,sunsmkt@gmail.com,
158,TAGLIAFERRI DELI,Tagliaferri Deli,,415-493-6894
266,TERZO RESTAURANT,Terzo Restaurant,ava@niceventures.com,415-441-3200
1184,THE WHARF AND ANCHOR LODGE,The Wharf and Anchor Lodge,,707-964-5049
53,TOMATINA,Tomatina - Alameda  ++4130++,darwin_mejia@tomatina.com,415-448-8525
53,TOMATINA,Tomatina - Roseville ++,darwin_mejia@tomatina.com,415-448-8525
53,TOMATINA,Tomatina - San Mateo  ++4150++,darwin_mejia@tomatina.com,650-918-5030
53,TOMATINA,Tomatina - Santa Clara  ++4120++,darwin_mejia@tomatina.com,415-448-8525
53,TOMATINA,Tomatina - Santa Rosa  ++4160++,darwin_mejia@tomatina.com,707-583-0035
53,TOMATINA,Tomatina - Union Landing  ++4155++,darwin_mejia@tomatina.com,415-448-8525
53,TOMATINA,Tomatina - Walnut Creek  ++4125++,darwin_mejia@tomatina.com,415-448-8525
53,TOMATINA,Tomatina - West Valley  ++4145++,darwin_mejia@tomatina.com,415-448-8525
3,TONY'S CABLE CAR,Tony's Cable Car,lizfannoun@gmail.com,415-931-2416
1264,TRIBUNE RESTAURANT,Tribune Restaurant,eat@tribuneoakland.com,
18,UCHIWA RAMEN,Uchiwa Ramen,info@uchiwaramen.com,415-847-0133
1437,UNCLE YU'S AT THE VINEYARD,Uncle Yu's at the Vineyard,uncleyuatthevineyard@gmail.com,
92,VIA PICCOLA TRATTORIA,Via Piccola Trattoria,,415-388-9100
1115,VILLA CORONA,Villa Corona,villacosh99@gmail.com,707-963-7812
28,VILLA SPORT,Villa Sport - Cinco Ranch ++++,agm_bv@villasport.com,971-317-2646
233,VINEYARD MARKET,Vineyard Market,,707-935-6919
1307,VINTAGE WINE MERCHANT,Vintage Wine Merchant,harry@vintagewinemerchants.com,
1150,WAFFLE CONE SHOP,Waffle Cone Shop,moseslim@gmail.com,
1031,WESBURGER N' MORE,WesBurger N' More,wesrowe@gmail.com,415-745-9371
1057,WEST WIND,West Wind - Coliseum ++++,jennifer_leung@150pelican.com,971-317-2646
1057,WEST WIND,West Wind - Glendale ++++,jennifer_leung@150pelican.com,971-317-2646
1057,WEST WIND,West Wind - Las Vegas ++++,jennifer_leung@150pelican.com,971-317-2646
1057,WEST WIND,West Wind - Reno ++++,jennifer_leung@150pelican.com,971-317-2646
1057,WEST WIND,West Wind - Sacramento ++++,jennifer_leung@150pelican.com,971-317-2646
1057,WEST WIND,West Wind - San Jose ++++,jennifer_leung@150pelican.com,971-317-2646
1057,WEST WIND,West Wind - Solano ++++,jennifer_leung@150pelican.com,971-317-2646
32,WILDSEED,Wildseed - Palo Alto,aapodaca@wildseedsf.com,415-271-3947
32,WILDSEED,Wildseed - San Francisco,info@wildseedsf.com,415-881-7020
98,WORLDPAY,Worldpay,,415-451-4861
