license_number,license_type,license_type_name,status,business_name,owner_name,address,city,state,zip,county,phone,issue_date,expiration_date
20-139147,20,Off-Sale Beer & Wine,ACTIVE,Inyo Cafe,John Martin,7666 Broad Ave,Inyo,CA,92145,Inyo,(916) 757-4133,2021-06-22,2024-06-22
48-797254,48,On-Sale General - Bar/Tavern,ACTIVE,Inyo Cafe LLC,Kenneth Wilson,965 Main Dr,Inyo,CA,93793,Inyo,(760) 398-1312,2017-08-03,2024-08-16
75-654340,75,Event Permit Holder,ACTIVE,The Inyo Restaurant LLC,Paul Gonzalez,4174 Main Ave,Inyo,CA,91488,Inyo,(916) 550-4027,2020-01-12,2025-04-07
48-629590,48,On-Sale General - Bar/Tavern,ACTIVE,Inyo Cafe LLC,Mark Davis,6567 Center St,Inyo,CA,91750,Inyo,(442) 608-4068,2019-01-13,2024-03-24
47-181311,47,On-Sale General - Restaurant,ACTIVE,Inyo Bar Inc,Mark Lopez,1975 Main Rd,Inyo,CA,94080,Inyo,(209) 508-1469,2021-03-18,2026-05-01
20-204591,20,Off-Sale Beer & Wine,ACTIVE,The Inyo Cafe LLC,Maria Davis,1705 Broad Dr,Inyo,CA,91022,Inyo,(916) 467-8040,2019-12-08,2025-12-21
21-857487,21,Off-Sale General,ACTIVE,The Inyo Bar LLC,Anthony Miller,822 Main Ave,Inyo,CA,91681,Inyo,(707) 805-1993,2020-06-24,2026-07-26
20-283742,20,Off-Sale Beer & Wine,ACTIVE,Inyo Bar,Kenneth Martinez,7936 Broad Dr,Inyo,CA,94689,Inyo,(209) 512-4188,2013-12-17,2024-11-11
47-434179,47,On-Sale General - Restaurant,ACTIVE,Inyo Restaurant,John Davis,3182 Broad Way,Inyo,CA,95510,Inyo,(559) 841-7163,2012-11-15,2024-03-26
58-345628,58,Caterer's Beer & Wine,ACTIVE,Inyo Cafe,Michael Taylor,683 Center Ave,Inyo,CA,96152,Inyo,(559) 203-2787,2015-11-12,2026-09-22
75-741520,75,Event Permit Holder,ACTIVE,Inyo Bar LLC,Lisa Rodriguez,7475 Broad Pl,Inyo,CA,92786,Inyo,(831) 254-8843,2021-07-17,2025-01-03
20-439368,20,Off-Sale Beer & Wine,ACTIVE,Inyo Bar LLC,Andrew Hernandez,1940 Broad Ct,Inyo,CA,96083,Inyo,(559) 825-3067,2012-06-20,2025-11-25
58-609659,58,Caterer's Beer & Wine,ACTIVE,Inyo Bar Inc,Lisa Taylor,4347 Broad Way,Inyo,CA,91622,Inyo,(707) 964-9338,2016-11-05,2026-05-07
21-877333,21,Off-Sale General,ACTIVE,Inyo Bar Inc,David Hernandez,3147 Broad St,Inyo,CA,92503,Inyo,(916) 721-6706,2018-02-20,2025-09-17
21-979065,21,Off-Sale General,ACTIVE,Inyo Market,James Johnson,2720 Main Blvd,Inyo,CA,92257,Inyo,(916) 287-1290,2018-09-21,2026-04-20
48-412541,48,On-Sale General - Bar/Tavern,ACTIVE,Inyo Tavern LLC,Jennifer Taylor,6288 Center Dr,Inyo,CA,91139,Inyo,(209) 636-9716,2012-06-09,2026-07-09
75-789468,75,Event Permit Holder,ACTIVE,Inyo Market,Maria Davis,3117 Main Ave,Inyo,CA,91549,Inyo,(760) 315-8511,2019-02-18,2024-08-07
48-205147,48,On-Sale General - Bar/Tavern,ACTIVE,Inyo Tavern Inc,Maria Miller,1082 Center Ln,Inyo,CA,91893,Inyo,(559) 399-3159,2014-12-18,2024-02-20
41-202005,41,On-Sale Beer & Wine - Eating Place,ACTIVE,Inyo Tavern,Robert Williams,5058 Center Blvd,Inyo,CA,92497,Inyo,(530) 874-1739,2018-04-19,2026-04-09
58-872973,58,Caterer's Beer & Wine,ACTIVE,The Inyo Restaurant Inc,Michael Taylor,9571 Main Ave,Inyo,CA,91034,Inyo,(530) 966-8510,2016-01-19,2026-03-25
20-795645,20,Off-Sale Beer & Wine,ACTIVE,Inyo Tavern,John Martin,5674 Broad Pl,Inyo,CA,91101,Inyo,(559) 436-7216,2011-03-21,2025-11-25
58-164035,58,Caterer's Beer & Wine,ACTIVE,The Inyo Restaurant Inc,Mark Gonzalez,8970 Main Dr,Inyo,CA,92338,Inyo,(442) 530-9547,2018-09-16,2024-08-23
47-756655,47,On-Sale General - Restaurant,ACTIVE,The Inyo Market Inc,James Wilson,8688 Main Pl,Inyo,CA,91988,Inyo,(760) 568-8505,2022-11-06,2025-08-13
21-165844,21,Off-Sale General,ACTIVE,Inyo Restaurant,Anthony Miller,9547 Broad Dr,Inyo,CA,96141,Inyo,(831) 688-7770,2019-10-28,2026-12-28
20-100092,20,Off-Sale Beer & Wine,ACTIVE,The Inyo Tavern LLC,Daniel Wilson,5452 Broad Ct,Inyo,CA,93441,Inyo,(760) 301-4250,2019-07-24,2026-06-06
75-716625,75,Event Permit Holder,ACTIVE,The Inyo Bar,Matthew Johnson,8323 Broad St,Inyo,CA,91432,Inyo,(530) 472-2213,2021-12-20,2025-08-12
58-344985,58,Caterer's Beer & Wine,ACTIVE,Inyo Market Inc,James Moore,4950 Broad Blvd,Inyo,CA,91487,Inyo,(442) 829-1608,2017-02-18,2024-08-01
75-652995,75,Event Permit Holder,ACTIVE,The Inyo Restaurant LLC,Andrew Martinez,4149 Center Way,Inyo,CA,94557,Inyo,(209) 856-1409,2014-06-05,2025-06-15
75-713206,75,Event Permit Holder,ACTIVE,The Inyo Restaurant LLC,Michael Miller,6302 Broad Ct,Inyo,CA,92437,Inyo,(916) 861-1095,2024-07-19,2025-10-21
41-942079,41,On-Sale Beer & Wine - Eating Place,ACTIVE,The Inyo Bar,Kenneth Gonzalez,7642 Main Dr,Inyo,CA,95935,Inyo,(707) 272-2905,2010-11-04,2024-12-19
58-922290,58,Caterer's Beer & Wine,ACTIVE,Inyo Bar Inc,Robert Jackson,501 Main Pl,Inyo,CA,94617,Inyo,(831) 482-8149,2023-06-20,2024-02-17
75-104425,75,Event Permit Holder,ACTIVE,Inyo Tavern Inc,Anthony Thomas,6609 Broad St,Inyo,CA,92190,Inyo,(209) 812-4833,2012-05-11,2025-04-10
20-210004,20,Off-Sale Beer & Wine,ACTIVE,Inyo Bar LLC,Matthew Williams,9430 Center Rd,Inyo,CA,93609,Inyo,(530) 814-7820,2013-02-11,2024-06-21
58-794420,58,Caterer's Beer & Wine,ACTIVE,Inyo Market Inc,Kenneth Williams,5035 Broad Blvd,Inyo,CA,95758,Inyo,(916) 469-3128,2018-03-19,2024-05-09
48-388779,48,On-Sale General - Bar/Tavern,ACTIVE,Inyo Market,Michael Rodriguez,1848 Main Way,Inyo,CA,91279,Inyo,(916) 355-5879,2013-10-20,2024-08-18
41-131248,41,On-Sale Beer & Wine - Eating Place,ACTIVE,Inyo Bar Inc,John Gonzalez,6793 Broad Ave,Inyo,CA,91818,Inyo,(916) 818-2016,2012-07-05,2025-03-10
41-572585,41,On-Sale Beer & Wine - Eating Place,ACTIVE,Inyo Tavern,Maria Hernandez,9710 Broad Pl,Inyo,CA,91827,Inyo,(831) 627-9559,2024-10-21,2025-11-01
75-421765,75,Event Permit Holder,ACTIVE,The Inyo Restaurant,Michelle Hernandez,959 Broad Ct,Inyo,CA,94225,Inyo,(530) 888-1312,2012-05-05,2025-04-08
41-202398,41,On-Sale Beer & Wine - Eating Place,ACTIVE,Inyo Restaurant LLC,Anthony Moore,5139 Main Ln,Inyo,CA,92281,Inyo,(559) 942-6652,2015-08-21,2025-11-17
48-200025,48,On-Sale General - Bar/Tavern,ACTIVE,Inyo Cafe Inc,David Wilson,8570 Center Dr,Inyo,CA,90397,Inyo,(559) 463-6703,2015-02-24,2026-07-12
75-935119,75,Event Permit Holder,ACTIVE,Inyo Restaurant LLC,John Lopez,1246 Center Dr,Inyo,CA,95602,Inyo,(530) 752-8493,2024-03-07,2025-02-06
75-635579,75,Event Permit Holder,ACTIVE,Inyo Restaurant,Lisa Anderson,6911 Main Blvd,Inyo,CA,93448,Inyo,(916) 908-7896,2012-03-28,2026-07-23
48-193838,48,On-Sale General - Bar/Tavern,ACTIVE,The Inyo Restaurant Inc,Christopher Taylor,8516 Center St,Inyo,CA,90496,Inyo,(559) 283-5243,2012-11-22,2026-03-18
75-767327,75,Event Permit Holder,ACTIVE,The Inyo Restaurant Inc,Matthew Brown,5087 Broad Way,Inyo,CA,90092,Inyo,(442) 403-9421,2022-09-23,2024-05-01
48-915151,48,On-Sale General - Bar/Tavern,ACTIVE,The Inyo Cafe LLC,Michael Moore,4610 Broad Pl,Inyo,CA,90915,Inyo,(209) 346-6393,2021-05-10,2026-06-08
48-288925,48,On-Sale General - Bar/Tavern,ACTIVE,Inyo Restaurant Inc,Andrew Taylor,3632 Main Rd,Inyo,CA,92685,Inyo,(760) 702-5800,2017-11-22,2025-10-08
20-185037,20,Off-Sale Beer & Wine,ACTIVE,Inyo Bar Inc,Michelle Lopez,6332 Main Rd,Inyo,CA,95384,Inyo,(559) 673-4640,2012-10-20,2026-03-24
58-882037,58,Caterer's Beer & Wine,ACTIVE,Inyo Restaurant LLC,Anthony Davis,7999 Main Ln,Inyo,CA,95812,Inyo,(760) 973-7488,2013-05-03,2024-12-22
47-729499,47,On-Sale General - Restaurant,ACTIVE,Inyo Tavern,Matthew Taylor,6409 Broad Ct,Inyo,CA,94304,Inyo,(760) 948-4008,2023-01-16,2024-12-12
48-899188,48,On-Sale General - Bar/Tavern,ACTIVE,The Inyo Bar LLC,Anthony Brown,9327 Center Ln,Inyo,CA,91267,Inyo,(760) 773-8732,2012-11-15,2026-02-24
48-424769,48,On-Sale General - Bar/Tavern,ACTIVE,The Inyo Market,Mark Moore,8749 Center Ln,Inyo,CA,92214,Inyo,(209) 923-2283,2020-11-11,2026-07-15
20-180947,20,Off-Sale Beer & Wine,ACTIVE,Inyo Bar Inc,Matthew Martinez,4035 Main Blvd,Inyo,CA,95689,Inyo,(442) 262-1288,2014-11-28,2026-04-19
48-688343,48,On-Sale General - Bar/Tavern,ACTIVE,The Inyo Bar,Maria Anderson,8187 Broad Blvd,Inyo,CA,91882,Inyo,(209) 614-6404,2024-07-07,2026-07-12
47-868380,47,On-Sale General - Restaurant,ACTIVE,Inyo Restaurant Inc,Paul Gonzalez,9623 Main Dr,Inyo,CA,95848,Inyo,(916) 805-2018,2015-01-03,2025-02-20
58-931201,58,Caterer's Beer & Wine,ACTIVE,Inyo Market Inc,William Williams,1093 Center Ln,Inyo,CA,93535,Inyo,(559) 871-1614,2024-05-27,2026-02-11
47-992281,47,On-Sale General - Restaurant,ACTIVE,Inyo Tavern LLC,David Miller,7879 Broad Ln,Inyo,CA,91796,Inyo,(530) 628-6977,2022-08-21,2026-07-28
58-944908,58,Caterer's Beer & Wine,ACTIVE,Inyo Tavern LLC,Steven Gonzalez,168 Broad Ct,Inyo,CA,91546,Inyo,(916) 828-4040,2021-03-22,2025-06-22
75-429952,75,Event Permit Holder,ACTIVE,Inyo Restaurant Inc,Michelle Thomas,8548 Broad Ct,Inyo,CA,93173,Inyo,(530) 478-2120,2013-06-20,2025-07-13
48-681065,48,On-Sale General - Bar/Tavern,ACTIVE,Inyo Bar Inc,Lisa Brown,1530 Center St,Inyo,CA,90415,Inyo,(916) 455-8535,2014-01-08,2026-08-11
48-553644,48,On-Sale General - Bar/Tavern,ACTIVE,The Inyo Cafe,Kenneth Rodriguez,4703 Main Ct,Inyo,CA,93015,Inyo,(530) 605-1554,2019-01-26,2025-01-27
48-446719,48,On-Sale General - Bar/Tavern,ACTIVE,Inyo Market,John Jackson,3662 Main Way,Inyo,CA,95635,Inyo,(760) 713-5411,2017-09-23,2025-02-07
41-169319,41,On-Sale Beer & Wine - Eating Place,ACTIVE,Inyo Tavern Inc,David Jones,6063 Main Ct,Inyo,CA,90219,Inyo,(831) 768-4655,2023-07-11,2026-03-23
58-142736,58,Caterer's Beer & Wine,ACTIVE,Inyo Market,Mark Rodriguez,6887 Center Ave,Inyo,CA,91469,Inyo,(559) 461-6843,2011-09-21,2025-10-18
41-927154,41,On-Sale Beer & Wine - Eating Place,ACTIVE,Inyo Tavern LLC,Anthony Moore,8001 Broad Pl,Inyo,CA,93987,Inyo,(831) 570-9809,2015-01-14,2025-05-19
58-197605,58,Caterer's Beer & Wine,ACTIVE,Inyo Bar Inc,Michelle Wilson,6901 Broad Blvd,Inyo,CA,93672,Inyo,(530) 380-7712,2011-05-28,2024-06-09
58-381610,58,Caterer's Beer & Wine,ACTIVE,The Inyo Bar Inc,Jennifer Jones,6691 Main Blvd,Inyo,CA,95055,Inyo,(209) 412-3695,2011-09-26,2026-03-10
41-656826,41,On-Sale Beer & Wine - Eating Place,ACTIVE,Inyo Restaurant Inc,Kenneth Davis,1762 Broad Ct,Inyo,CA,93153,Inyo,(831) 236-2609,2024-08-05,2024-07-12
48-579391,48,On-Sale General - Bar/Tavern,ACTIVE,Inyo Tavern LLC,Paul Martin,977 Center Way,Inyo,CA,91689,Inyo,(916) 776-1034,2012-06-27,2024-09-16
58-594202,58,Caterer's Beer & Wine,ACTIVE,The Inyo Bar Inc,Mark Lopez,6534 Broad Dr,Inyo,CA,93197,Inyo,(530) 370-8086,2012-03-06,2025-03-15
21-603714,21,Off-Sale General,ACTIVE,Inyo Bar Inc,John Martinez,365 Main Way,Inyo,CA,93360,Inyo,(530) 258-7220,2015-02-04,2026-10-18
48-352395,48,On-Sale General - Bar/Tavern,ACTIVE,Inyo Restaurant Inc,Michelle Davis,5806 Broad Ct,Inyo,CA,94058,Inyo,(916) 617-6925,2016-04-28,2025-07-17
41-563178,41,On-Sale Beer & Wine - Eating Place,ACTIVE,The Inyo Bar LLC,James Jones,7390 Main Ct,Inyo,CA,94185,Inyo,(831) 410-2974,2014-07-07,2024-05-25
41-230751,41,On-Sale Beer & Wine - Eating Place,ACTIVE,Inyo Market Inc,Lisa Brown,9836 Broad Ct,Inyo,CA,90650,Inyo,(559) 639-3166,2020-07-10,2026-02-17
75-708670,75,Event Permit Holder,ACTIVE,The Inyo Market,Jennifer Hernandez,4454 Broad Blvd,Inyo,CA,92811,Inyo,(530) 432-7513,2017-12-25,2025-04-06
20-138334,20,Off-Sale Beer & Wine,ACTIVE,Inyo Bar LLC,John Anderson,2942 Broad Ave,Inyo,CA,95927,Inyo,(530) 726-5293,2010-05-09,2026-09-05
58-432994,58,Caterer's Beer & Wine,ACTIVE,Inyo Tavern Inc,Andrew Brown,1181 Main Blvd,Inyo,CA,94472,Inyo,(760) 590-2508,2018-05-14,2026-01-15
48-638847,48,On-Sale General - Bar/Tavern,ACTIVE,The Inyo Tavern Inc,Anthony Johnson,6783 Main Dr,Inyo,CA,94190,Inyo,(831) 561-9376,2019-05-16,2026-03-19
21-716215,21,Off-Sale General,ACTIVE,Inyo Bar LLC,Michael Martinez,5282 Broad Blvd,Inyo,CA,92022,Inyo,(916) 535-2363,2013-08-20,2024-08-18
58-266428,58,Caterer's Beer & Wine,ACTIVE,Inyo Restaurant,Anthony Davis,407 Main Pl,Inyo,CA,92382,Inyo,(831) 575-1984,2024-10-27,2025-03-08
20-445034,20,Off-Sale Beer & Wine,ACTIVE,The Inyo Market LLC,Maria Hernandez,6728 Center Ln,Inyo,CA,90118,Inyo,(831) 445-2925,2015-10-27,2024-12-14
21-931295,21,Off-Sale General,ACTIVE,Inyo Tavern LLC,John Martinez,6805 Center Ln,Inyo,CA,95046,Inyo,(530) 714-6588,2018-10-08,2024-03-01
47-727351,47,On-Sale General - Restaurant,ACTIVE,The Inyo Tavern Inc,Robert Taylor,4137 Main Ave,Inyo,CA,91317,Inyo,(530) 465-6645,2013-10-23,2024-11-07
41-207466,41,On-Sale Beer & Wine - Eating Place,ACTIVE,Inyo Tavern LLC,Maria Hernandez,9746 Main Way,Inyo,CA,90883,Inyo,(760) 530-1262,2018-03-26,2026-08-05
20-375942,20,Off-Sale Beer & Wine,ACTIVE,Inyo Restaurant Inc,Jennifer Gonzalez,8240 Center Ln,Inyo,CA,95755,Inyo,(916) 387-9968,2021-06-05,2025-03-18
21-903698,21,Off-Sale General,ACTIVE,The Inyo Cafe LLC,Robert Jones,9216 Broad Pl,Inyo,CA,91494,Inyo,(530) 870-1591,2024-12-11,2024-08-03
41-224540,41,On-Sale Beer & Wine - Eating Place,ACTIVE,Inyo Tavern Inc,Paul Jackson,4547 Broad Way,Inyo,CA,92635,Inyo,(831) 203-3073,2018-07-05,2024-12-24
20-650331,20,Off-Sale Beer & Wine,ACTIVE,Inyo Bar LLC,Paul Anderson,3420 Broad Ave,Inyo,CA,90934,Inyo,(707) 897-4160,2015-06-22,2025-03-02
41-787407,41,On-Sale Beer & Wine - Eating Place,ACTIVE,The Inyo Market Inc,Anthony Lopez,3385 Main St,Inyo,CA,95712,Inyo,(559) 394-9138,2020-11-27,2024-11-07
47-394854,47,On-Sale General - Restaurant,ACTIVE,Inyo Market,Jennifer Jones,3738 Main Pl,Inyo,CA,93674,Inyo,(916) 736-9014,2012-09-20,2024-02-27
21-460385,21,Off-Sale General,ACTIVE,Inyo Restaurant LLC,Robert Williams,4524 Center Blvd,Inyo,CA,93777,Inyo,(442) 806-1345,2018-01-17,2026-06-15
75-477037,75,Event Permit Holder,ACTIVE,Inyo Cafe LLC,Mark Thomas,2047 Broad Blvd,Inyo,CA,93425,Inyo,(707) 480-7181,2021-04-26,2024-07-09
48-412668,48,On-Sale General - Bar/Tavern,ACTIVE,The Inyo Tavern Inc,Lisa Martin,7813 Main Ave,Inyo,CA,96009,Inyo,(559) 828-7802,2016-02-19,2025-12-07
75-751599,75,Event Permit Holder,ACTIVE,Inyo Cafe LLC,Michael Rodriguez,2048 Center Ave,Inyo,CA,93898,Inyo,(442) 213-1144,2017-04-04,2026-07-01
75-805973,75,Event Permit Holder,ACTIVE,Inyo Tavern Inc,David Jackson,9953 Main Ln,Inyo,CA,90679,Inyo,(760) 359-4388,2016-07-05,2024-03-03
58-672366,58,Caterer's Beer & Wine,ACTIVE,Inyo Restaurant,Daniel Lopez,9705 Main Rd,Inyo,CA,90129,Inyo,(442) 697-3773,2017-11-28,2024-08-18
20-211005,20,Off-Sale Beer & Wine,ACTIVE,Inyo Restaurant Inc,Kenneth Anderson,6722 Center St,Inyo,CA,94753,Inyo,(760) 438-9284,2012-01-11,2026-04-24
47-488206,47,On-Sale General - Restaurant,ACTIVE,The Inyo Cafe Inc,Mark Wilson,8422 Main Way,Inyo,CA,91728,Inyo,(530) 349-9623,2017-08-09,2025-02-02
20-826491,20,Off-Sale Beer & Wine,ACTIVE,Inyo Tavern Inc,Michelle Rodriguez,5003 Broad Dr,Inyo,CA,93101,Inyo,(559) 558-4478,2016-05-15,2025-06-15
41-931635,41,On-Sale Beer & Wine - Eating Place,ACTIVE,Inyo Tavern LLC,Jennifer Gonzalez,6406 Center St,Inyo,CA,93835,Inyo,(831) 888-6743,2014-11-02,2024-05-20
41-323477,41,On-Sale Beer & Wine - Eating Place,ACTIVE,Inyo Bar,James Wilson,316 Main Ln,Inyo,CA,94891,Inyo,(442) 835-9580,2014-02-28,2025-12-09
21-786832,21,Off-Sale General,ACTIVE,The Inyo Restaurant,Kenneth Moore,3128 Main St,Inyo,CA,90218,Inyo,(209) 916-6514,2014-05-10,2026-08-28
20-738685,20,Off-Sale Beer & Wine,ACTIVE,Inyo Market,Steven Lopez,1676 Center Ave,Inyo,CA,93195,Inyo,(760) 897-2674,2012-12-02,2024-07-05
47-444493,47,On-Sale General - Restaurant,ACTIVE,Inyo Market,Michelle Wilson,3887 Center Rd,Inyo,CA,90727,Inyo,(831) 376-6764,2011-01-03,2026-07-03
58-969753,58,Caterer's Beer & Wine,ACTIVE,The Inyo Bar,Daniel Smith,929 Main Ct,Inyo,CA,91636,Inyo,(442) 715-5653,2016-03-25,2026-10-15
20-384918,20,Off-Sale Beer & Wine,ACTIVE,Inyo Tavern LLC,Anthony Taylor,2749 Center Blvd,Inyo,CA,93951,Inyo,(209) 576-8545,2017-02-16,2024-12-15
58-903662,58,Caterer's Beer & Wine,ACTIVE,Inyo Restaurant Inc,Michael Gonzalez,4301 Main St,Inyo,CA,94654,Inyo,(442) 245-9401,2018-09-14,2025-11-05
58-685424,58,Caterer's Beer & Wine,ACTIVE,The Inyo Bar Inc,Michael Garcia,8525 Main Ln,Inyo,CA,90425,Inyo,(707) 516-6076,2016-05-04,2024-03-15
41-852252,41,On-Sale Beer & Wine - Eating Place,ACTIVE,The Inyo Bar,Paul Smith,3127 Main Way,Inyo,CA,92034,Inyo,(209) 328-5149,2019-08-19,2025-11-15
41-842158,41,On-Sale Beer & Wine - Eating Place,ACTIVE,The Inyo Bar,Kenneth Jackson,3406 Center Ave,Inyo,CA,92737,Inyo,(442) 629-3563,2017-09-24,2025-12-10
47-276912,47,On-Sale General - Restaurant,ACTIVE,The Inyo Bar LLC,Michelle Moore,5853 Broad St,Inyo,CA,94125,Inyo,(707) 437-5547,2014-08-12,2024-05-19
20-224207,20,Off-Sale Beer & Wine,ACTIVE,The Inyo Bar,Lisa Johnson,3476 Center Ln,Inyo,CA,90719,Inyo,(559) 737-9856,2023-09-21,2025-09-23
48-271238,48,On-Sale General - Bar/Tavern,ACTIVE,Inyo Market LLC,John Hernandez,7630 Center Dr,Inyo,CA,94316,Inyo,(831) 797-2179,2023-01-22,2026-07-12
41-905937,41,On-Sale Beer & Wine - Eating Place,ACTIVE,Inyo Market,Anthony Garcia,8578 Broad Ct,Inyo,CA,90879,Inyo,(831) 755-6022,2012-04-17,2024-06-07
75-640813,75,Event Permit Holder,ACTIVE,The Inyo Cafe Inc,Michelle Jones,9985 Broad St,Inyo,CA,93559,Inyo,(760) 928-3032,2020-07-16,2025-03-10
20-897075,20,Off-Sale Beer & Wine,ACTIVE,The Inyo Tavern LLC,Michelle Jackson,7384 Center St,Inyo,CA,94958,Inyo,(760) 529-2681,2018-08-08,2024-06-19
47-100741,47,On-Sale General - Restaurant,ACTIVE,Inyo Tavern LLC,Steven Martinez,3344 Broad Ave,Inyo,CA,91478,Inyo,(442) 558-3543,2010-10-10,2025-02-15
75-757101,75,Event Permit Holder,ACTIVE,The Inyo Bar LLC,David Taylor,2028 Broad Way,Inyo,CA,94783,Inyo,(530) 977-5804,2010-01-23,2025-02-09
47-725305,47,On-Sale General - Restaurant,ACTIVE,Inyo Cafe Inc,Christopher Rodriguez,5958 Center St,Inyo,CA,90716,Inyo,(707) 490-1941,2017-08-20,2025-06-07
41-662972,41,On-Sale Beer & Wine - Eating Place,ACTIVE,Inyo Bar LLC,William Lopez,6345 Center Blvd,Inyo,CA,92526,Inyo,(707) 880-6329,2024-10-12,2026-03-14
47-539212,47,On-Sale General - Restaurant,ACTIVE,Inyo Bar Inc,Mark Smith,894 Broad Pl,Inyo,CA,95589,Inyo,(442) 905-1894,2016-11-25,2024-06-25
58-277201,58,Caterer's Beer & Wine,ACTIVE,Inyo Restaurant Inc,Kenneth Gonzalez,785 Center Rd,Inyo,CA,94268,Inyo,(209) 929-9592,2013-02-10,2026-02-25
75-220459,75,Event Permit Holder,ACTIVE,Inyo Market,Michelle Davis,8785 Broad Way,Inyo,CA,93711,Inyo,(760) 605-8808,2018-03-23,2026-10-19
75-608240,75,Event Permit Holder,ACTIVE,Inyo Tavern Inc,Kenneth Taylor,7733 Center St,Inyo,CA,92456,Inyo,(831) 656-8974,2014-07-25,2026-11-07
47-579157,47,On-Sale General - Restaurant,ACTIVE,The Inyo Bar LLC,James Brown,4937 Center St,Inyo,CA,93793,Inyo,(916) 785-9881,2018-10-12,2025-07-28
58-613200,58,Caterer's Beer & Wine,ACTIVE,Inyo Restaurant LLC,Anthony Miller,5257 Center Ct,Inyo,CA,95696,Inyo,(831) 541-1871,2020-02-15,2025-10-19
75-762337,75,Event Permit Holder,ACTIVE,The Inyo Cafe,Mark Martinez,4551 Center Ln,Inyo,CA,94035,Inyo,(831) 506-5423,2013-08-10,2026-05-21
47-697826,47,On-Sale General - Restaurant,ACTIVE,The Inyo Tavern LLC,Matthew Thomas,172 Main Blvd,Inyo,CA,90862,Inyo,(707) 276-5213,2021-08-03,2026-07-27
48-714183,48,On-Sale General - Bar/Tavern,ACTIVE,Inyo Tavern,David Smith,5805 Center Pl,Inyo,CA,93567,Inyo,(209) 225-2870,2010-06-05,2026-01-10
21-452737,21,Off-Sale General,ACTIVE,Inyo Restaurant Inc,Andrew Garcia,593 Broad Pl,Inyo,CA,93471,Inyo,(559) 934-7359,2017-06-23,2026-05-14
47-252314,47,On-Sale General - Restaurant,ACTIVE,Inyo Cafe,David Williams,1426 Main Rd,Inyo,CA,90378,Inyo,(442) 768-5484,2024-05-24,2025-12-07
21-164530,21,Off-Sale General,ACTIVE,Inyo Cafe LLC,William Hernandez,1175 Center Way,Inyo,CA,90061,Inyo,(707) 542-9572,2021-04-08,2026-12-11
20-627079,20,Off-Sale Beer & Wine,ACTIVE,Inyo Cafe,David Wilson,7817 Main Dr,Inyo,CA,91173,Inyo,(831) 506-1288,2014-03-21,2025-05-14
41-301469,41,On-Sale Beer & Wine - Eating Place,ACTIVE,Inyo Bar Inc,Steven Brown,5699 Broad Ave,Inyo,CA,90497,Inyo,(707) 646-7684,2014-05-08,2026-07-07
20-381599,20,Off-Sale Beer & Wine,ACTIVE,The Inyo Market Inc,Andrew Hernandez,7161 Broad Dr,Inyo,CA,94182,Inyo,(209) 378-2437,2022-06-07,2024-03-23
58-384276,58,Caterer's Beer & Wine,ACTIVE,Inyo Restaurant,William Gonzalez,7394 Broad Pl,Inyo,CA,93954,Inyo,(530) 862-9141,2015-03-07,2026-08-14
58-314843,58,Caterer's Beer & Wine,ACTIVE,Inyo Cafe,William Thomas,2624 Main Ave,Inyo,CA,90337,Inyo,(760) 795-3847,2024-12-27,2025-05-06
41-809255,41,On-Sale Beer & Wine - Eating Place,ACTIVE,The Inyo Bar LLC,Jennifer Garcia,8192 Broad Ln,Inyo,CA,95832,Inyo,(707) 314-5789,2013-01-15,2024-11-09
21-631750,21,Off-Sale General,ACTIVE,Inyo Cafe Inc,John Moore,8933 Broad Ln,Inyo,CA,95586,Inyo,(442) 378-4867,2024-04-18,2024-12-10
21-146777,21,Off-Sale General,ACTIVE,Inyo Cafe Inc,Andrew Taylor,9710 Center Ct,Inyo,CA,93822,Inyo,(760) 756-6458,2017-06-11,2024-08-22
20-279181,20,Off-Sale Beer & Wine,ACTIVE,Inyo Cafe,Lisa Gonzalez,8481 Center Rd,Inyo,CA,92669,Inyo,(559) 375-4532,2021-02-27,2024-03-27
20-142894,20,Off-Sale Beer & Wine,ACTIVE,Inyo Cafe Inc,Michelle Miller,942 Center Ct,Inyo,CA,92638,Inyo,(559) 734-4715,2013-01-08,2024-08-13
41-121165,41,On-Sale Beer & Wine - Eating Place,ACTIVE,The Inyo Cafe Inc,Mark Miller,3522 Center Blvd,Inyo,CA,90131,Inyo,(916) 582-1239,2019-02-14,2024-02-20
20-729655,20,Off-Sale Beer & Wine,ACTIVE,Inyo Restaurant LLC,Kenneth Martinez,2906 Broad Pl,Inyo,CA,92456,Inyo,(707) 342-8795,2010-12-08,2026-12-22
21-876320,21,Off-Sale General,ACTIVE,Inyo Market,Anthony Thomas,2227 Broad Blvd,Inyo,CA,90725,Inyo,(916) 559-7419,2019-04-02,2024-03-02
58-207254,58,Caterer's Beer & Wine,ACTIVE,Inyo Cafe,David Miller,6775 Broad Rd,Inyo,CA,90953,Inyo,(916) 462-8574,2012-09-15,2025-03-08
21-520018,21,Off-Sale General,ACTIVE,Inyo Cafe,Lisa Martinez,100 Broad Ln,Inyo,CA,95988,Inyo,(442) 893-6894,2012-04-14,2025-08-17
58-221433,58,Caterer's Beer & Wine,ACTIVE,Inyo Restaurant,Andrew Taylor,1426 Broad St,Inyo,CA,90006,Inyo,(559) 585-2836,2022-09-14,2024-12-07
58-413227,58,Caterer's Beer & Wine,ACTIVE,Inyo Market,Andrew Martinez,6855 Main Rd,Inyo,CA,91445,Inyo,(831) 945-2861,2013-03-15,2025-11-09
58-963320,58,Caterer's Beer & Wine,ACTIVE,Inyo Bar,James Johnson,8455 Broad Blvd,Inyo,CA,95891,Inyo,(707) 876-3603,2024-06-25,2026-01-16
47-195000,47,On-Sale General - Restaurant,ACTIVE,The Inyo Market LLC,William Jackson,2589 Broad Blvd,Inyo,CA,93714,Inyo,(442) 655-2149,2022-01-27,2024-07-03
48-218178,48,On-Sale General - Bar/Tavern,ACTIVE,The Inyo Market Inc,Michelle Jones,2648 Center Pl,Inyo,CA,91008,Inyo,(831) 236-8419,2011-08-13,2025-03-26
41-624763,41,On-Sale Beer & Wine - Eating Place,ACTIVE,Inyo Restaurant LLC,Anthony Brown,8302 Main Rd,Inyo,CA,91453,Inyo,(209) 552-3080,2014-05-01,2024-10-26
75-648058,75,Event Permit Holder,ACTIVE,Inyo Tavern Inc,Christopher Moore,5258 Broad Ln,Inyo,CA,95832,Inyo,(530) 607-4326,2015-01-12,2026-08-01
58-807903,58,Caterer's Beer & Wine,ACTIVE,Inyo Cafe,William Martinez,2633 Main Ln,Inyo,CA,90673,Inyo,(530) 807-6579,2024-01-01,2026-02-03
41-122955,41,On-Sale Beer & Wine - Eating Place,ACTIVE,Inyo Tavern Inc,Maria Jones,4506 Center Ave,Inyo,CA,96023,Inyo,(442) 299-9396,2012-08-08,2025-07-19
47-498192,47,On-Sale General - Restaurant,ACTIVE,The Inyo Bar LLC,Lisa Gonzalez,1516 Broad Pl,Inyo,CA,94509,Inyo,(559) 813-2540,2012-08-11,2026-07-16
41-250020,41,On-Sale Beer & Wine - Eating Place,ACTIVE,Inyo Restaurant LLC,Kenneth Jackson,4203 Main Pl,Inyo,CA,90482,Inyo,(530) 847-4240,2019-08-08,2024-11-19
47-124596,47,On-Sale General - Restaurant,ACTIVE,The Inyo Market Inc,Matthew Gonzalez,4465 Main Dr,Inyo,CA,94209,Inyo,(559) 898-9368,2024-04-27,2025-08-05
21-478123,21,Off-Sale General,ACTIVE,Inyo Market Inc,Anthony Jones,5794 Broad Ct,Inyo,CA,91596,Inyo,(707) 802-6900,2022-12-18,2025-11-04
41-716287,41,On-Sale Beer & Wine - Eating Place,ACTIVE,The Inyo Bar LLC,David Davis,459 Main Pl,Inyo,CA,92927,Inyo,(916) 970-6768,2017-02-06,2025-12-07
41-609328,41,On-Sale Beer & Wine - Eating Place,ACTIVE,Inyo Tavern LLC,Mark Jones,5898 Broad St,Inyo,CA,95741,Inyo,(442) 970-8736,2022-07-25,2024-10-22
48-982804,48,On-Sale General - Bar/Tavern,ACTIVE,Inyo Cafe LLC,Christopher Smith,3841 Main St,Inyo,CA,95092,Inyo,(916) 999-1791,2020-08-26,2024-12-05
20-309632,20,Off-Sale Beer & Wine,ACTIVE,The Inyo Cafe Inc,Steven Anderson,9443 Main Way,Inyo,CA,93826,Inyo,(760) 424-6964,2020-03-08,2024-10-10
20-774866,20,Off-Sale Beer & Wine,ACTIVE,Inyo Restaurant,David Jones,1398 Center Ln,Inyo,CA,92108,Inyo,(760) 967-1129,2013-05-04,2024-01-19
21-810156,21,Off-Sale General,ACTIVE,Inyo Tavern Inc,Anthony Johnson,2322 Center Blvd,Inyo,CA,95448,Inyo,(916) 602-6252,2012-04-24,2024-03-13
48-298863,48,On-Sale General - Bar/Tavern,ACTIVE,The Inyo Bar,Andrew Gonzalez,4648 Broad Pl,Inyo,CA,94614,Inyo,(707) 464-6475,2012-07-05,2024-02-11
48-629831,48,On-Sale General - Bar/Tavern,ACTIVE,Inyo Restaurant,Andrew Taylor,7344 Main Pl,Inyo,CA,93080,Inyo,(916) 271-6559,2014-03-09,2026-12-13
58-752893,58,Caterer's Beer & Wine,ACTIVE,Inyo Market Inc,Michael Williams,4450 Center Ave,Inyo,CA,95880,Inyo,(707) 909-4306,2024-11-14,2024-04-14
58-910192,58,Caterer's Beer & Wine,ACTIVE,Inyo Market LLC,Daniel Lopez,6194 Main Rd,Inyo,CA,93795,Inyo,(559) 665-4482,2010-09-22,2025-05-25
21-215270,21,Off-Sale General,ACTIVE,Inyo Cafe LLC,James Williams,3132 Broad Way,Inyo,CA,90931,Inyo,(442) 285-5693,2024-02-18,2026-07-02
20-810540,20,Off-Sale Beer & Wine,ACTIVE,Inyo Restaurant Inc,Jennifer Jones,2992 Center Way,Inyo,CA,90858,Inyo,(559) 922-2705,2021-07-28,2025-08-04
48-997513,48,On-Sale General - Bar/Tavern,ACTIVE,Inyo Restaurant,Jennifer Jones,5931 Broad Ln,Inyo,CA,94206,Inyo,(760) 768-1703,2024-08-20,2025-11-03
41-457461,41,On-Sale Beer & Wine - Eating Place,ACTIVE,Inyo Bar LLC,Christopher Williams,4915 Center Ct,Inyo,CA,90657,Inyo,(559) 515-5568,2014-07-26,2024-01-13
21-960619,21,Off-Sale General,ACTIVE,Inyo Market Inc,Lisa Taylor,1673 Center Dr,Inyo,CA,90602,Inyo,(760) 429-5447,2012-09-27,2024-02-17
20-454163,20,Off-Sale Beer & Wine,ACTIVE,Inyo Tavern Inc,Maria Johnson,1520 Main Ave,Inyo,CA,92649,Inyo,(760) 500-4535,2012-10-05,2024-02-03
75-204006,75,Event Permit Holder,ACTIVE,Inyo Cafe LLC,Jennifer Garcia,7509 Broad Rd,Inyo,CA,95896,Inyo,(831) 279-9834,2019-11-23,2026-03-20
75-362479,75,Event Permit Holder,ACTIVE,Inyo Cafe,John Lopez,6689 Main Ave,Inyo,CA,93033,Inyo,(559) 459-7645,2022-04-27,2024-03-13
75-907668,75,Event Permit Holder,ACTIVE,The Inyo Cafe,Paul Martin,9499 Broad Rd,Inyo,CA,93892,Inyo,(442) 879-4026,2013-09-16,2025-05-18
41-633137,41,On-Sale Beer & Wine - Eating Place,ACTIVE,Inyo Bar,Michael Moore,2214 Broad Ln,Inyo,CA,95996,Inyo,(707) 937-4006,2021-03-26,2026-03-08
75-481816,75,Event Permit Holder,ACTIVE,The Inyo Market,Steven Brown,9046 Main Ln,Inyo,CA,94518,Inyo,(707) 802-1049,2013-12-08,2025-02-22
58-178860,58,Caterer's Beer & Wine,ACTIVE,Inyo Restaurant LLC,Robert Martin,5975 Center Ln,Inyo,CA,93806,Inyo,(916) 261-4620,2023-06-02,2025-01-24
41-777876,41,On-Sale Beer & Wine - Eating Place,ACTIVE,The Inyo Cafe Inc,William Miller,9824 Broad Blvd,Inyo,CA,95579,Inyo,(209) 498-7252,2023-12-21,2026-05-01
48-283061,48,On-Sale General - Bar/Tavern,ACTIVE,Inyo Market LLC,Michelle Johnson,9881 Main Rd,Inyo,CA,91525,Inyo,(559) 253-8379,2022-03-16,2025-05-17
21-553437,21,Off-Sale General,ACTIVE,Inyo Restaurant,Christopher Thomas,8394 Broad St,Inyo,CA,91560,Inyo,(916) 673-7577,2017-12-01,2025-08-12
48-482729,48,On-Sale General - Bar/Tavern,ACTIVE,Inyo Cafe,Maria Williams,1197 Main Blvd,Inyo,CA,90192,Inyo,(831) 434-1661,2016-10-28,2025-06-20
41-343154,41,On-Sale Beer & Wine - Eating Place,ACTIVE,Inyo Tavern Inc,Paul Taylor,5230 Broad Dr,Inyo,CA,92870,Inyo,(916) 822-4091,2024-07-11,2025-11-03
47-792809,47,On-Sale General - Restaurant,ACTIVE,The Inyo Bar,Christopher Rodriguez,371 Main Dr,Inyo,CA,93111,Inyo,(209) 209-5368,2015-06-24,2024-03-12
75-547084,75,Event Permit Holder,ACTIVE,Inyo Tavern LLC,James Miller,2133 Broad Ct,Inyo,CA,91086,Inyo,(530) 984-1522,2015-04-19,2025-06-17
21-647778,21,Off-Sale General,ACTIVE,Inyo Restaurant,Michael Miller,5080 Center Ave,Inyo,CA,92646,Inyo,(916) 986-8758,2015-05-21,2024-09-12
48-382772,48,On-Sale General - Bar/Tavern,ACTIVE,Inyo Bar LLC,Kenneth Jones,3339 Broad Rd,Inyo,CA,93164,Inyo,(916) 243-3338,2019-04-04,2026-12-17
75-644278,75,Event Permit Holder,ACTIVE,Inyo Tavern,Anthony Thomas,5249 Center Blvd,Inyo,CA,91362,Inyo,(559) 580-2886,2024-12-23,2026-01-28
20-930807,20,Off-Sale Beer & Wine,ACTIVE,The Inyo Restaurant Inc,Jennifer Smith,5760 Center Blvd,Inyo,CA,95260,Inyo,(530) 319-3538,2023-05-05,2026-10-17
48-942615,48,On-Sale General - Bar/Tavern,ACTIVE,The Inyo Market LLC,Robert Martin,8754 Broad St,Inyo,CA,93080,Inyo,(530) 534-1201,2024-03-05,2025-05-12
48-678556,48,On-Sale General - Bar/Tavern,ACTIVE,Inyo Tavern,Matthew Moore,6514 Broad Dr,Inyo,CA,92371,Inyo,(559) 212-7092,2019-04-13,2025-07-14
75-354070,75,Event Permit Holder,ACTIVE,Inyo Restaurant LLC,Christopher Taylor,7915 Broad Dr,Inyo,CA,92345,Inyo,(442) 632-5467,2022-01-11,2025-01-21
48-815148,48,On-Sale General - Bar/Tavern,ACTIVE,Inyo Tavern,Michael Miller,4644 Main Rd,Inyo,CA,92611,Inyo,(707) 709-2061,2010-03-11,2025-11-27
