id,business_name,business_type,owner_name,address,city,state,zip,county,phone,email,website,priority,source,scraped_at,enrichment_status,discovered_at,status
TX_AUS_78273,Patricia's Place,sushi,Patricia (Owner),479 Market St,Austin,TX,78707,Travis,(737) 575-1633,,,A,TX_Scraper_Austin,2026-05-07T20:53:26.850487+00:00,pending,2026-05-07T20:53:26.850489+00:00,new
TX_AUS_19864,Diner by Sarah,diner,Sarah (Owner),9880 1st St,Austin,TX,78775,Travis,(737) 213-5977,,,A,TX_Scraper_Austin,2026-05-07T20:53:26.850500+00:00,pending,2026-05-07T20:53:26.850502+00:00,new
TX_AUS_31419,Rosa & Family Seafood,seafood,Rosa (Owner),297 Oak St,Austin,TX,78728,Travis,(737) 564-3595,,,A,TX_Scraper_Austin,2026-05-07T20:53:26.850518+00:00,pending,2026-05-07T20:53:26.850520+00:00,new
TX_AUS_52606,Antonio's Burger,burger,Antonio (Owner),8371 Texas Ave,Austin,TX,78774,Travis,(512) 918-9424,,,A,TX_Scraper_Austin,2026-05-07T20:53:26.850530+00:00,pending,2026-05-07T20:53:26.850532+00:00,new
TX_AUS_61071,Miguel & Family Mexican,mexican,Miguel (Owner),156 Main St,Austin,TX,78766,Travis,(512) 806-7273,,,A,TX_Scraper_Austin,2026-05-07T20:53:26.850542+00:00,pending,2026-05-07T20:53:26.850545+00:00,new
TX_AUS_92083,Juan's Chinese,chinese,Juan (Owner),3447 2nd St,Austin,TX,78764,Travis,(737) 882-7170,,,A,TX_Scraper_Austin,2026-05-07T20:53:26.850558+00:00,pending,2026-05-07T20:53:26.850560+00:00,new
TX_AUS_35515,Miguel's Vietnamese,vietnamese,Miguel (Owner),1309 Commerce St,Austin,TX,78765,Travis,(512) 340-7643,,,A,TX_Scraper_Austin,2026-05-07T20:53:26.850571+00:00,pending,2026-05-07T20:53:26.850573+00:00,new
TX_AUS_31766,Pedro & Family Italian,italian,Pedro (Owner),4491 Dallas St,Austin,TX,78733,Travis,(737) 901-9130,,,A,TX_Scraper_Austin,2026-05-07T20:53:26.850583+00:00,pending,2026-05-07T20:53:26.850585+00:00,new
TX_AUS_10315,Rosa's Place,seafood,Rosa (Owner),4840 1st St,Austin,TX,78748,Travis,(737) 773-4869,,,A,TX_Scraper_Austin,2026-05-07T20:53:26.850595+00:00,pending,2026-05-07T20:53:26.850597+00:00,new
TX_AUS_56127,The David Thai,thai,David (Owner),3563 Commerce St,Austin,TX,78786,Travis,(512) 535-1882,,,A,TX_Scraper_Austin,2026-05-07T20:53:26.850607+00:00,pending,2026-05-07T20:53:26.850609+00:00,new
TX_AUS_40648,Linda Italian,italian,Linda (Owner),926 Main St,Austin,TX,78796,Travis,(737) 674-1936,,,A,TX_Scraper_Austin,2026-05-07T20:53:26.850619+00:00,pending,2026-05-07T20:53:26.850621+00:00,new
TX_AUS_78629,The Roberto Chinese,chinese,Roberto (Owner),4103 Texas Ave,Austin,TX,78732,Travis,(512) 600-6621,,,A,TX_Scraper_Austin,2026-05-07T20:53:26.850631+00:00,pending,2026-05-07T20:53:26.850633+00:00,new
TX_AUS_12443,Vietnamese by Miguel,vietnamese,Miguel (Owner),4812 Oak St,Austin,TX,78759,Travis,(737) 766-4985,,,A,TX_Scraper_Austin,2026-05-07T20:53:26.850659+00:00,pending,2026-05-07T20:53:26.850661+00:00,new
TX_AUS_55002,The David Chinese,chinese,David (Owner),8658 Dallas St,Austin,TX,78760,Travis,(737) 340-3742,,,A,TX_Scraper_Austin,2026-05-07T20:53:26.850671+00:00,pending,2026-05-07T20:53:26.850673+00:00,new
TX_AUS_82186,Patricia's Place,burger,Patricia (Owner),4919 Texas Ave,Austin,TX,78746,Travis,(737) 930-9403,,,A,TX_Scraper_Austin,2026-05-07T20:53:26.850687+00:00,pending,2026-05-07T20:53:26.850689+00:00,new
TX_AUS_79779,John Mexican,mexican,John (Owner),1247 Oak St,Austin,TX,78726,Travis,(512) 489-5821,,,A,TX_Scraper_Austin,2026-05-07T20:53:26.850699+00:00,pending,2026-05-07T20:53:26.850700+00:00,new
TX_AUS_43449,Tony's Steakhouse,steakhouse,Tony (Owner),1712 Cedar St,Austin,TX,78735,Travis,(512) 417-7474,,,A,TX_Scraper_Austin,2026-05-07T20:53:26.850711+00:00,pending,2026-05-07T20:53:26.850713+00:00,new
TX_AUS_55117,Bakery House,bakery,Carmen (Owner),5757 Elm St,Austin,TX,78723,Travis,(512) 973-5065,,,A,TX_Scraper_Austin,2026-05-07T20:53:26.850723+00:00,pending,2026-05-07T20:53:26.850725+00:00,new
TX_AUS_96956,Roberto's Cafe,cafe,Roberto (Owner),7806 Elm St,Austin,TX,78710,Travis,(737) 235-2039,,,A,TX_Scraper_Austin,2026-05-07T20:53:26.850733+00:00,pending,2026-05-07T20:53:26.850735+00:00,new
TX_AUS_38987,Isabella's Seafood,seafood,Isabella (Owner),1429 Texas Ave,Austin,TX,78736,Travis,(512) 367-7485,,,A,TX_Scraper_Austin,2026-05-07T20:53:26.850744+00:00,pending,2026-05-07T20:53:26.850746+00:00,new
TX_AUS_37105,Breakfast House,breakfast,Luis (Owner),807 2nd St,Austin,TX,78756,Travis,(512) 529-9479,,,A,TX_Scraper_Austin,2026-05-07T20:53:26.850760+00:00,pending,2026-05-07T20:53:26.850761+00:00,new
TX_AUS_27843,Pedro's Bakery,bakery,Pedro (Owner),9067 Market St,Austin,TX,78741,Travis,(512) 641-3365,,,A,TX_Scraper_Austin,2026-05-07T20:53:26.850772+00:00,pending,2026-05-07T20:53:26.850774+00:00,new
TX_AUS_69249,Guadalupe & Family Bakery,bakery,Guadalupe (Owner),8701 Main St,Austin,TX,78776,Travis,(512) 951-9061,,,A,TX_Scraper_Austin,2026-05-07T20:53:26.850787+00:00,pending,2026-05-07T20:53:26.850789+00:00,new
TX_AUS_50555,The Jose Cafe,cafe,Jose (Owner),1864 Cedar St,Austin,TX,78740,Travis,(512) 430-7005,,,A,TX_Scraper_Austin,2026-05-07T20:53:26.850806+00:00,pending,2026-05-07T20:53:26.850808+00:00,new
TX_AUS_45551,Miguel's Sushi,sushi,Miguel (Owner),1420 Broadway,Austin,TX,78717,Travis,(737) 211-7988,,,A,TX_Scraper_Austin,2026-05-07T20:53:26.850819+00:00,pending,2026-05-07T20:53:26.850821+00:00,new
TX_AUS_40512,Burger House,burger,Carmen (Owner),2472 Oak St,Austin,TX,78783,Travis,(512) 611-6123,,,A,TX_Scraper_Austin,2026-05-07T20:53:26.850831+00:00,pending,2026-05-07T20:53:26.850832+00:00,new
TX_AUS_42611,Hector's Place,restaurant,Hector (Owner),6286 Elm St,Austin,TX,78701,Travis,(737) 457-8540,,,A,TX_Scraper_Austin,2026-05-07T20:53:26.850842+00:00,pending,2026-05-07T20:53:26.850844+00:00,new
TX_AUS_59024,The Mike Pizza,pizza,Mike (Owner),9197 Elm St,Austin,TX,78783,Travis,(512) 911-5306,,,A,TX_Scraper_Austin,2026-05-07T20:53:26.850854+00:00,pending,2026-05-07T20:53:26.850856+00:00,new
TX_AUS_66508,Hector Deli,deli,Hector (Owner),9615 3rd St,Austin,TX,78768,Travis,(512) 946-3732,,,A,TX_Scraper_Austin,2026-05-07T20:53:26.850866+00:00,pending,2026-05-07T20:53:26.850867+00:00,new
TX_AUS_65567,Lisa & Family Food Truck,food truck,Lisa (Owner),6642 Elm St,Austin,TX,78769,Travis,(737) 570-3076,,,A,TX_Scraper_Austin,2026-05-07T20:53:26.850877+00:00,pending,2026-05-07T20:53:26.850879+00:00,new
TX_AUS_10931,The William Cafe,cafe,William (Owner),9676 Market St,Austin,TX,78784,Travis,(737) 893-7314,,,A,TX_Scraper_Austin,2026-05-07T20:53:26.850889+00:00,pending,2026-05-07T20:53:26.850891+00:00,new
TX_AUS_40091,The Miguel Thai,thai,Miguel (Owner),9098 Washington St,Austin,TX,78782,Travis,(737) 461-1946,,,A,TX_Scraper_Austin,2026-05-07T20:53:26.850901+00:00,pending,2026-05-07T20:53:26.850903+00:00,new
TX_AUS_10477,William's Cafe,cafe,William (Owner),9826 Washington St,Austin,TX,78754,Travis,(737) 550-4767,,,A,TX_Scraper_Austin,2026-05-07T20:53:26.850920+00:00,pending,2026-05-07T20:53:26.850922+00:00,new
TX_AUS_25674,Elena's Thai,thai,Elena (Owner),205 Maple Ave,Austin,TX,78779,Travis,(737) 533-8746,,,A,TX_Scraper_Austin,2026-05-07T20:53:26.850932+00:00,pending,2026-05-07T20:53:26.850934+00:00,new
TX_AUS_88831,Juan's Vietnamese,vietnamese,Juan (Owner),426 Maple Ave,Austin,TX,78738,Travis,(512) 621-4227,,,A,TX_Scraper_Austin,2026-05-07T20:53:26.850944+00:00,pending,2026-05-07T20:53:26.850946+00:00,new
TX_AUS_20215,Robert Restaurant,restaurant,Robert (Owner),1244 Cedar St,Austin,TX,78709,Travis,(737) 570-1360,,,A,TX_Scraper_Austin,2026-05-07T20:53:26.850956+00:00,pending,2026-05-07T20:53:26.850958+00:00,new
TX_AUS_85681,Antonio's Taqueria,taqueria,Antonio (Owner),6093 3rd St,Austin,TX,78706,Travis,(512) 279-5765,,,A,TX_Scraper_Austin,2026-05-07T20:53:26.850968+00:00,pending,2026-05-07T20:53:26.850970+00:00,new
TX_AUS_16308,Guadalupe Bakery,bakery,Guadalupe (Owner),8252 Washington St,Austin,TX,78720,Travis,(512) 453-7539,,,A,TX_Scraper_Austin,2026-05-07T20:53:26.850980+00:00,pending,2026-05-07T20:53:26.850982+00:00,new
TX_AUS_79988,The Patricia Vietnamese,vietnamese,Patricia (Owner),7508 1st St,Austin,TX,78707,Travis,(737) 675-7502,,,A,TX_Scraper_Austin,2026-05-07T20:53:26.851003+00:00,pending,2026-05-07T20:53:26.851005+00:00,new
TX_AUS_66350,Linda's Place,food truck,Linda (Owner),7896 Jefferson Blvd,Austin,TX,78706,Travis,(737) 629-9132,,,A,TX_Scraper_Austin,2026-05-07T20:53:26.851015+00:00,pending,2026-05-07T20:53:26.851017+00:00,new
TX_AUS_96148,The Carlos Sushi,sushi,Carlos (Owner),5138 1st St,Austin,TX,78768,Travis,(737) 432-9618,,,A,TX_Scraper_Austin,2026-05-07T20:53:26.851026+00:00,pending,2026-05-07T20:53:26.851028+00:00,new
TX_AUS_45127,The Carmen Vietnamese,vietnamese,Carmen (Owner),4096 Cedar St,Austin,TX,78723,Travis,(512) 464-7187,,,A,TX_Scraper_Austin,2026-05-07T20:53:26.851043+00:00,pending,2026-05-07T20:53:26.851045+00:00,new
TX_AUS_46040,Mike's Italian,italian,Mike (Owner),690 Jefferson Blvd,Austin,TX,78746,Travis,(512) 341-3966,,,A,TX_Scraper_Austin,2026-05-07T20:53:26.851059+00:00,pending,2026-05-07T20:53:26.851061+00:00,new
TX_AUS_43388,Jose's Place,burger,Jose (Owner),1016 Oak St,Austin,TX,78788,Travis,(512) 337-4328,,,A,TX_Scraper_Austin,2026-05-07T20:53:26.851070+00:00,pending,2026-05-07T20:53:26.851072+00:00,new
TX_AUS_97927,Taqueria by Emma,taqueria,Emma (Owner),2176 Broadway,Austin,TX,78723,Travis,(512) 664-9226,,,A,TX_Scraper_Austin,2026-05-07T20:53:26.851082+00:00,pending,2026-05-07T20:53:26.851088+00:00,new
TX_AUS_62791,Jennifer's Place,bbq,Jennifer (Owner),569 Main St,Austin,TX,78776,Travis,(737) 529-4033,,,A,TX_Scraper_Austin,2026-05-07T20:53:26.851098+00:00,pending,2026-05-07T20:53:26.851099+00:00,new
TX_AUS_48301,The Mike Vietnamese,vietnamese,Mike (Owner),1145 Pine St,Austin,TX,78795,Travis,(737) 559-6295,,,A,TX_Scraper_Austin,2026-05-07T20:53:26.851110+00:00,pending,2026-05-07T20:53:26.851112+00:00,new
TX_AUS_44302,Burger by Guadalupe,burger,Guadalupe (Owner),1487 Jefferson Blvd,Austin,TX,78738,Travis,(512) 343-1797,,,A,TX_Scraper_Austin,2026-05-07T20:53:26.851122+00:00,pending,2026-05-07T20:53:26.851124+00:00,new
TX_AUS_33018,Taqueria House,taqueria,Lisa (Owner),2561 Main St,Austin,TX,78782,Travis,(512) 636-8501,,,A,TX_Scraper_Austin,2026-05-07T20:53:26.851134+00:00,pending,2026-05-07T20:53:26.851136+00:00,new
TX_AUS_47632,Robert Bbq,bbq,Robert (Owner),1639 Jefferson Blvd,Austin,TX,78752,Travis,(737) 895-1246,,,A,TX_Scraper_Austin,2026-05-07T20:53:26.851145+00:00,pending,2026-05-07T20:53:26.851147+00:00,new
TX_AUS_64653,Lisa & Family Pizza,pizza,Lisa (Owner),5372 Jefferson Blvd,Austin,TX,78791,Travis,(737) 403-6657,,,A,TX_Scraper_Austin,2026-05-07T20:53:26.851156+00:00,pending,2026-05-07T20:53:26.851158+00:00,new
TX_AUS_43984,Pizza House,pizza,Michael (Owner),1273 Market St,Austin,TX,78773,Travis,(512) 790-8721,,,A,TX_Scraper_Austin,2026-05-07T20:53:26.851172+00:00,pending,2026-05-07T20:53:26.851174+00:00,new
TX_AUS_62650,Emma's Place,italian,Emma (Owner),4421 Oak St,Austin,TX,78784,Travis,(737) 533-2359,,,A,TX_Scraper_Austin,2026-05-07T20:53:26.851187+00:00,pending,2026-05-07T20:53:26.851189+00:00,new
TX_AUS_54606,Antonio & Family Burger,burger,Antonio (Owner),7473 Dallas St,Austin,TX,78716,Travis,(737) 302-8992,,,A,TX_Scraper_Austin,2026-05-07T20:53:26.851199+00:00,pending,2026-05-07T20:53:26.851201+00:00,new
TX_AUS_91134,Steakhouse House,steakhouse,Jennifer (Owner),7271 2nd St,Austin,TX,78743,Travis,(512) 397-2475,,,A,TX_Scraper_Austin,2026-05-07T20:53:26.851211+00:00,pending,2026-05-07T20:53:26.851213+00:00,new
TX_AUS_64384,Pedro's Seafood,seafood,Pedro (Owner),267 Broadway,Austin,TX,78715,Travis,(512) 741-8339,,,A,TX_Scraper_Austin,2026-05-07T20:53:26.851223+00:00,pending,2026-05-07T20:53:26.851225+00:00,new
TX_AUS_23408,Taqueria House,taqueria,Juan (Owner),5380 Texas Ave,Austin,TX,78742,Travis,(512) 592-2474,,,A,TX_Scraper_Austin,2026-05-07T20:53:26.851233+00:00,pending,2026-05-07T20:53:26.851235+00:00,new
TX_AUS_55528,Luis Vietnamese,vietnamese,Luis (Owner),2076 Cedar St,Austin,TX,78706,Travis,(512) 762-5229,,,A,TX_Scraper_Austin,2026-05-07T20:53:26.851245+00:00,pending,2026-05-07T20:53:26.851247+00:00,new
TX_AUS_32852,The Jose Seafood,seafood,Jose (Owner),7168 Dallas St,Austin,TX,78735,Travis,(737) 616-5683,,,A,TX_Scraper_Austin,2026-05-07T20:53:26.851256+00:00,pending,2026-05-07T20:53:26.851258+00:00,new
TX_AUS_10993,The Mike Thai,thai,Mike (Owner),2728 Jefferson Blvd,Austin,TX,78742,Travis,(512) 544-2444,,,A,TX_Scraper_Austin,2026-05-07T20:53:26.851268+00:00,pending,2026-05-07T20:53:26.851270+00:00,new
TX_AUS_27408,Tony Vietnamese,vietnamese,Tony (Owner),4840 Elm St,Austin,TX,78725,Travis,(737) 768-5679,,,A,TX_Scraper_Austin,2026-05-07T20:53:26.851284+00:00,pending,2026-05-07T20:53:26.851286+00:00,new
TX_AUS_56287,Sandwich by Michael,sandwich,Michael (Owner),704 Dallas St,Austin,TX,78778,Travis,(512) 708-5729,,,A,TX_Scraper_Austin,2026-05-07T20:53:26.851296+00:00,pending,2026-05-07T20:53:26.851298+00:00,new
TX_AUS_85084,The Michael Deli,deli,Michael (Owner),5707 3rd St,Austin,TX,78788,Travis,(737) 632-9809,,,A,TX_Scraper_Austin,2026-05-07T20:53:26.851311+00:00,pending,2026-05-07T20:53:26.851313+00:00,new
TX_AUS_26826,Emma Bbq,bbq,Emma (Owner),8814 Cedar St,Austin,TX,78745,Travis,(737) 627-6297,,,A,TX_Scraper_Austin,2026-05-07T20:53:26.851323+00:00,pending,2026-05-07T20:53:26.851325+00:00,new
TX_AUS_39955,Elena's Italian,italian,Elena (Owner),9054 Commerce St,Austin,TX,78714,Travis,(737) 628-5001,,,A,TX_Scraper_Austin,2026-05-07T20:53:26.851334+00:00,pending,2026-05-07T20:53:26.851336+00:00,new
TX_AUS_70954,Lisa's Place,steakhouse,Lisa (Owner),5756 Pine St,Austin,TX,78758,Travis,(512) 422-5486,,,A,TX_Scraper_Austin,2026-05-07T20:53:26.851346+00:00,pending,2026-05-07T20:53:26.851348+00:00,new
TX_AUS_33375,Bakery House,bakery,Lisa (Owner),4233 Jefferson Blvd,Austin,TX,78721,Travis,(512) 609-1234,,,A,TX_Scraper_Austin,2026-05-07T20:53:26.851359+00:00,pending,2026-05-07T20:53:26.851361+00:00,new
TX_AUS_17636,Juan & Family Sandwich,sandwich,Juan (Owner),468 Jefferson Blvd,Austin,TX,78754,Travis,(737) 516-7072,,,A,TX_Scraper_Austin,2026-05-07T20:53:26.851371+00:00,pending,2026-05-07T20:53:26.851373+00:00,new
TX_AUS_82617,The Michael Bakery,bakery,Michael (Owner),747 Broadway,Austin,TX,78731,Travis,(512) 323-8242,,,A,TX_Scraper_Austin,2026-05-07T20:53:26.851383+00:00,pending,2026-05-07T20:53:26.851385+00:00,new
TX_AUS_74529,The Emma Food Truck,food truck,Emma (Owner),5410 Elm St,Austin,TX,78787,Travis,(737) 687-5159,,,A,TX_Scraper_Austin,2026-05-07T20:53:26.851414+00:00,pending,2026-05-07T20:53:26.851416+00:00,new
TX_AUS_71444,Bbq by Sofia,bbq,Sofia (Owner),1275 Elm St,Austin,TX,78777,Travis,(737) 613-3478,,,A,TX_Scraper_Austin,2026-05-07T20:53:26.851427+00:00,pending,2026-05-07T20:53:26.851433+00:00,new
TX_AUS_94681,The Miguel Restaurant,restaurant,Miguel (Owner),9748 Dallas St,Austin,TX,78751,Travis,(737) 337-1194,,,A,TX_Scraper_Austin,2026-05-07T20:53:26.851444+00:00,pending,2026-05-07T20:53:26.851446+00:00,new
TX_AUS_27251,John's Food Truck,food truck,John (Owner),1691 2nd St,Austin,TX,78702,Travis,(512) 339-2256,,,A,TX_Scraper_Austin,2026-05-07T20:53:26.851459+00:00,pending,2026-05-07T20:53:26.851461+00:00,new
TX_AUS_17757,Mike's Diner,diner,Mike (Owner),2087 Washington St,Austin,TX,78785,Travis,(737) 245-9258,,,A,TX_Scraper_Austin,2026-05-07T20:53:26.851472+00:00,pending,2026-05-07T20:53:26.851474+00:00,new
TX_AUS_23454,Lisa's Place,breakfast,Lisa (Owner),9415 Maple Ave,Austin,TX,78734,Travis,(512) 710-6675,,,A,TX_Scraper_Austin,2026-05-07T20:53:26.851484+00:00,pending,2026-05-07T20:53:26.851486+00:00,new
TX_AUS_81135,Guadalupe's Taqueria,taqueria,Guadalupe (Owner),6642 3rd St,Austin,TX,78754,Travis,(512) 823-1399,,,A,TX_Scraper_Austin,2026-05-07T20:53:26.851496+00:00,pending,2026-05-07T20:53:26.851498+00:00,new
TX_AUS_72950,Hector's Mexican,mexican,Hector (Owner),863 Elm St,Austin,TX,78776,Travis,(737) 591-8563,,,A,TX_Scraper_Austin,2026-05-07T20:53:26.851508+00:00,pending,2026-05-07T20:53:26.851510+00:00,new
TX_AUS_33146,John's Sushi,sushi,John (Owner),2739 Washington St,Austin,TX,78740,Travis,(737) 820-8764,,,A,TX_Scraper_Austin,2026-05-07T20:53:26.851521+00:00,pending,2026-05-07T20:53:26.851523+00:00,new
TX_AUS_74021,Carlos's Bbq,bbq,Carlos (Owner),1760 Texas Ave,Austin,TX,78703,Travis,(512) 381-1426,,,A,TX_Scraper_Austin,2026-05-07T20:53:26.851536+00:00,pending,2026-05-07T20:53:26.851538+00:00,new
TX_AUS_28856,Isabella's Pizza,pizza,Isabella (Owner),1634 Maple Ave,Austin,TX,78739,Travis,(512) 820-3858,,,A,TX_Scraper_Austin,2026-05-07T20:53:26.851548+00:00,pending,2026-05-07T20:53:26.851550+00:00,new
TX_AUS_34752,The Maria Vietnamese,vietnamese,Maria (Owner),6590 3rd St,Austin,TX,78774,Travis,(512) 243-9727,,,A,TX_Scraper_Austin,2026-05-07T20:53:26.851560+00:00,pending,2026-05-07T20:53:26.851562+00:00,new
TX_AUS_38890,Patricia's Italian,italian,Patricia (Owner),5437 Main St,Austin,TX,78790,Travis,(737) 667-3417,,,A,TX_Scraper_Austin,2026-05-07T20:53:26.851573+00:00,pending,2026-05-07T20:53:26.851576+00:00,new
TX_AUS_63395,Rosa's Restaurant,restaurant,Rosa (Owner),5712 Commerce St,Austin,TX,78751,Travis,(512) 859-4111,,,A,TX_Scraper_Austin,2026-05-07T20:53:26.851596+00:00,pending,2026-05-07T20:53:26.851598+00:00,new
TX_AUS_14172,The Elena Taqueria,taqueria,Elena (Owner),3337 Broadway,Austin,TX,78701,Travis,(512) 269-8400,,,A,TX_Scraper_Austin,2026-05-07T20:53:26.851608+00:00,pending,2026-05-07T20:53:26.851610+00:00,new
TX_AUS_89870,Antonio's Breakfast,breakfast,Antonio (Owner),7240 Jefferson Blvd,Austin,TX,78726,Travis,(512) 739-8076,,,A,TX_Scraper_Austin,2026-05-07T20:53:26.851620+00:00,pending,2026-05-07T20:53:26.851622+00:00,new
TX_AUS_57318,Pedro Italian,italian,Pedro (Owner),7974 Dallas St,Austin,TX,78770,Travis,(737) 592-2127,,,A,TX_Scraper_Austin,2026-05-07T20:53:26.851632+00:00,pending,2026-05-07T20:53:26.851634+00:00,new
TX_AUS_49439,Lisa's Restaurant,restaurant,Lisa (Owner),1060 Texas Ave,Austin,TX,78782,Travis,(737) 524-1902,,,A,TX_Scraper_Austin,2026-05-07T20:53:26.851644+00:00,pending,2026-05-07T20:53:26.851646+00:00,new
TX_AUS_87978,John's Restaurant,restaurant,John (Owner),8844 Texas Ave,Austin,TX,78737,Travis,(512) 551-6219,,,A,TX_Scraper_Austin,2026-05-07T20:53:26.851659+00:00,pending,2026-05-07T20:53:26.851661+00:00,new
TX_AUS_83057,The Roberto Bbq,bbq,Roberto (Owner),3159 Broadway,Austin,TX,78787,Travis,(512) 968-4489,,,A,TX_Scraper_Austin,2026-05-07T20:53:26.851672+00:00,pending,2026-05-07T20:53:26.851674+00:00,new
TX_AUS_39577,Mike's Restaurant,restaurant,Mike (Owner),9640 Texas Ave,Austin,TX,78701,Travis,(512) 657-5406,,,A,TX_Scraper_Austin,2026-05-07T20:53:26.851684+00:00,pending,2026-05-07T20:53:26.851685+00:00,new
TX_AUS_56198,Michael & Family Diner,diner,Michael (Owner),9890 Pine St,Austin,TX,78780,Travis,(737) 778-7851,,,A,TX_Scraper_Austin,2026-05-07T20:53:26.851696+00:00,pending,2026-05-07T20:53:26.851698+00:00,new
TX_AUS_97549,The Sarah Breakfast,breakfast,Sarah (Owner),5712 Broadway,Austin,TX,78761,Travis,(512) 982-8882,,,A,TX_Scraper_Austin,2026-05-07T20:53:26.851708+00:00,pending,2026-05-07T20:53:26.851710+00:00,new
TX_AUS_62256,Lisa's Diner,diner,Lisa (Owner),4022 1st St,Austin,TX,78704,Travis,(512) 767-8912,,,A,TX_Scraper_Austin,2026-05-07T20:53:26.851722+00:00,pending,2026-05-07T20:53:26.851724+00:00,new
TX_AUS_30764,Linda's Pizza,pizza,Linda (Owner),1759 Commerce St,Austin,TX,78750,Travis,(512) 440-1123,,,A,TX_Scraper_Austin,2026-05-07T20:53:26.851734+00:00,pending,2026-05-07T20:53:26.851736+00:00,new
TX_AUS_97976,Carlos's Thai,thai,Carlos (Owner),1205 Washington St,Austin,TX,78787,Travis,(737) 924-7644,,,A,TX_Scraper_Austin,2026-05-07T20:53:26.851745+00:00,pending,2026-05-07T20:53:26.851747+00:00,new
TX_AUS_11812,Jennifer & Family Taqueria,taqueria,Jennifer (Owner),1139 Main St,Austin,TX,78710,Travis,(512) 859-4954,,,A,TX_Scraper_Austin,2026-05-07T20:53:26.851761+00:00,pending,2026-05-07T20:53:26.851763+00:00,new
TX_AUS_47552,Francisco's Place,deli,Francisco (Owner),2749 Elm St,Austin,TX,78780,Travis,(737) 855-9060,,,A,TX_Scraper_Austin,2026-05-07T20:53:26.851776+00:00,pending,2026-05-07T20:53:26.851778+00:00,new
TX_AUS_32815,Restaurant by Tony,restaurant,Tony (Owner),4900 Commerce St,Austin,TX,78711,Travis,(737) 741-6332,,,A,TX_Scraper_Austin,2026-05-07T20:53:26.851788+00:00,pending,2026-05-07T20:53:26.851790+00:00,new
TX_AUS_74202,Chinese House,chinese,Robert (Owner),6508 Jefferson Blvd,Austin,TX,78731,Travis,(737) 722-4419,,,A,TX_Scraper_Austin,2026-05-07T20:53:26.851800+00:00,pending,2026-05-07T20:53:26.851802+00:00,new
TX_AUS_47817,Carlos's Place,mexican,Carlos (Owner),4458 Pine St,Austin,TX,78787,Travis,(737) 489-5019,,,A,TX_Scraper_Austin,2026-05-07T20:53:26.851811+00:00,pending,2026-05-07T20:53:26.851813+00:00,new
TX_AUS_44701,William Taqueria,taqueria,William (Owner),8753 Pine St,Austin,TX,78770,Travis,(512) 400-3099,,,A,TX_Scraper_Austin,2026-05-07T20:53:26.851823+00:00,pending,2026-05-07T20:53:26.851825+00:00,new
TX_AUS_35349,John's Place,bbq,John (Owner),7587 Oak St,Austin,TX,78779,Travis,(737) 344-4074,,,A,TX_Scraper_Austin,2026-05-07T20:53:26.851834+00:00,pending,2026-05-07T20:53:26.851835+00:00,new
TX_AUS_32084,Restaurant by Miguel,restaurant,Miguel (Owner),8736 Commerce St,Austin,TX,78761,Travis,(737) 559-7580,,,A,TX_Scraper_Austin,2026-05-07T20:53:26.851847+00:00,pending,2026-05-07T20:53:26.851849+00:00,new
TX_AUS_72418,Sushi by Rosa,sushi,Rosa (Owner),9908 Maple Ave,Austin,TX,78758,Travis,(737) 967-4125,,,A,TX_Scraper_Austin,2026-05-07T20:53:26.851858+00:00,pending,2026-05-07T20:53:26.851860+00:00,new
TX_AUS_11126,Jose Food Truck,food truck,Jose (Owner),1145 Elm St,Austin,TX,78744,Travis,(737) 456-9608,,,A,TX_Scraper_Austin,2026-05-07T20:53:26.851870+00:00,pending,2026-05-07T20:53:26.851872+00:00,new
TX_AUS_78777,Sarah's Place,bakery,Sarah (Owner),4830 Dallas St,Austin,TX,78794,Travis,(737) 916-7787,,,A,TX_Scraper_Austin,2026-05-07T20:53:26.851885+00:00,pending,2026-05-07T20:53:26.851887+00:00,new
TX_AUS_40071,Francisco & Family Thai,thai,Francisco (Owner),4331 Jefferson Blvd,Austin,TX,78744,Travis,(737) 724-1376,,,A,TX_Scraper_Austin,2026-05-07T20:53:26.851897+00:00,pending,2026-05-07T20:53:26.851898+00:00,new
TX_AUS_89304,Maria Taqueria,taqueria,Maria (Owner),3265 Texas Ave,Austin,TX,78786,Travis,(512) 993-8098,,,A,TX_Scraper_Austin,2026-05-07T20:53:26.851908+00:00,pending,2026-05-07T20:53:26.851910+00:00,new
TX_AUS_13815,Carlos Chinese,chinese,Carlos (Owner),8966 Dallas St,Austin,TX,78787,Travis,(737) 786-7715,,,A,TX_Scraper_Austin,2026-05-07T20:53:26.851920+00:00,pending,2026-05-07T20:53:26.851922+00:00,new
TX_AUS_13030,Maria's Place,restaurant,Maria (Owner),4299 Jefferson Blvd,Austin,TX,78784,Travis,(512) 555-5670,,,A,TX_Scraper_Austin,2026-05-07T20:53:26.851933+00:00,pending,2026-05-07T20:53:26.851935+00:00,new
TX_AUS_64214,Taqueria by Hector,taqueria,Hector (Owner),3389 Washington St,Austin,TX,78769,Travis,(512) 651-2528,,,A,TX_Scraper_Austin,2026-05-07T20:53:26.851945+00:00,pending,2026-05-07T20:53:26.851947+00:00,new
TX_AUS_78961,Francisco & Family Chinese,chinese,Francisco (Owner),4352 Washington St,Austin,TX,78767,Travis,(737) 634-1632,,,A,TX_Scraper_Austin,2026-05-07T20:53:26.851957+00:00,pending,2026-05-07T20:53:26.851959+00:00,new
TX_AUS_87216,Guadalupe & Family Pizza,pizza,Guadalupe (Owner),4425 Main St,Austin,TX,78777,Travis,(737) 798-8612,,,A,TX_Scraper_Austin,2026-05-07T20:53:26.851972+00:00,pending,2026-05-07T20:53:26.851974+00:00,new
TX_AUS_50433,Sofia & Family Bbq,bbq,Sofia (Owner),8444 Texas Ave,Austin,TX,78732,Travis,(737) 433-7310,,,A,TX_Scraper_Austin,2026-05-07T20:53:26.851984+00:00,pending,2026-05-07T20:53:26.851986+00:00,new
TX_AUS_91594,Burger House,burger,Isabella (Owner),5869 Texas Ave,Austin,TX,78745,Travis,(737) 979-3223,,,A,TX_Scraper_Austin,2026-05-07T20:53:26.852005+00:00,pending,2026-05-07T20:53:26.852007+00:00,new
TX_AUS_59409,Patricia's Sushi,sushi,Patricia (Owner),6293 Commerce St,Austin,TX,78741,Travis,(512) 574-9935,,,A,TX_Scraper_Austin,2026-05-07T20:53:26.852021+00:00,pending,2026-05-07T20:53:26.852023+00:00,new
TX_AUS_80954,Vietnamese by Juan,vietnamese,Juan (Owner),4775 3rd St,Austin,TX,78776,Travis,(737) 313-2279,,,A,TX_Scraper_Austin,2026-05-07T20:53:26.852032+00:00,pending,2026-05-07T20:53:26.852034+00:00,new
TX_AUS_18663,Sarah & Family Bbq,bbq,Sarah (Owner),7537 Commerce St,Austin,TX,78744,Travis,(737) 731-8543,,,A,TX_Scraper_Austin,2026-05-07T20:53:26.852045+00:00,pending,2026-05-07T20:53:26.852047+00:00,new
TX_AUS_95312,Antonio Pizza,pizza,Antonio (Owner),2596 Elm St,Austin,TX,78790,Travis,(737) 926-9990,,,A,TX_Scraper_Austin,2026-05-07T20:53:26.852057+00:00,pending,2026-05-07T20:53:26.852059+00:00,new
TX_AUS_23759,Cafe House,cafe,Guadalupe (Owner),1551 Commerce St,Austin,TX,78724,Travis,(737) 794-6655,,,A,TX_Scraper_Austin,2026-05-07T20:53:26.852068+00:00,pending,2026-05-07T20:53:26.852074+00:00,new
TX_AUS_78391,Lisa & Family Chinese,chinese,Lisa (Owner),7909 Maple Ave,Austin,TX,78768,Travis,(737) 802-3050,,,A,TX_Scraper_Austin,2026-05-07T20:53:26.852084+00:00,pending,2026-05-07T20:53:26.852085+00:00,new
TX_AUS_27185,Patricia's Bbq,bbq,Patricia (Owner),2133 Elm St,Austin,TX,78791,Travis,(737) 700-1338,,,A,TX_Scraper_Austin,2026-05-07T20:53:26.852094+00:00,pending,2026-05-07T20:53:26.852096+00:00,new
TX_AUS_80708,William & Family Burger,burger,William (Owner),9806 Pine St,Austin,TX,78787,Travis,(512) 501-5071,,,A,TX_Scraper_Austin,2026-05-07T20:53:26.852110+00:00,pending,2026-05-07T20:53:26.852112+00:00,new
TX_AUS_21595,Steakhouse by Hector,steakhouse,Hector (Owner),3206 3rd St,Austin,TX,78764,Travis,(737) 219-2211,,,A,TX_Scraper_Austin,2026-05-07T20:53:26.852121+00:00,pending,2026-05-07T20:53:26.852123+00:00,new
TX_AUS_82294,Thai House,thai,Tony (Owner),3208 Cedar St,Austin,TX,78772,Travis,(512) 974-1293,,,A,TX_Scraper_Austin,2026-05-07T20:53:26.852137+00:00,pending,2026-05-07T20:53:26.852139+00:00,new
TX_AUS_77089,Sofia & Family Sandwich,sandwich,Sofia (Owner),4847 1st St,Austin,TX,78721,Travis,(512) 636-1220,,,A,TX_Scraper_Austin,2026-05-07T20:53:26.852149+00:00,pending,2026-05-07T20:53:26.852151+00:00,new
TX_AUS_36759,Seafood by Pedro,seafood,Pedro (Owner),9127 Maple Ave,Austin,TX,78758,Travis,(512) 687-5373,,,A,TX_Scraper_Austin,2026-05-07T20:53:26.852161+00:00,pending,2026-05-07T20:53:26.852163+00:00,new
TX_AUS_89448,Seafood House,seafood,Sofia (Owner),9762 Broadway,Austin,TX,78715,Travis,(737) 369-1215,,,A,TX_Scraper_Austin,2026-05-07T20:53:26.852173+00:00,pending,2026-05-07T20:53:26.852174+00:00,new
TX_AUS_59119,William Deli,deli,William (Owner),4136 Elm St,Austin,TX,78709,Travis,(512) 609-9145,,,A,TX_Scraper_Austin,2026-05-07T20:53:26.852185+00:00,pending,2026-05-07T20:53:26.852187+00:00,new
TX_AUS_88882,Taqueria House,taqueria,Tony (Owner),3050 Washington St,Austin,TX,78794,Travis,(512) 716-8357,,,A,TX_Scraper_Austin,2026-05-07T20:53:26.852197+00:00,pending,2026-05-07T20:53:26.852199+00:00,new
TX_AUS_92965,Hector Deli,deli,Hector (Owner),2396 Pine St,Austin,TX,78796,Travis,(512) 657-8543,,,A,TX_Scraper_Austin,2026-05-07T20:53:26.852208+00:00,pending,2026-05-07T20:53:26.852210+00:00,new
TX_AUS_85877,Bbq by Isabella,bbq,Isabella (Owner),2013 Main St,Austin,TX,78726,Travis,(512) 984-7784,,,A,TX_Scraper_Austin,2026-05-07T20:53:26.852220+00:00,pending,2026-05-07T20:53:26.852222+00:00,new
TX_AUS_55281,The Tony Steakhouse,steakhouse,Tony (Owner),7714 2nd St,Austin,TX,78780,Travis,(512) 600-7361,,,A,TX_Scraper_Austin,2026-05-07T20:53:26.852235+00:00,pending,2026-05-07T20:53:26.852237+00:00,new
TX_AUS_87069,Robert Mexican,mexican,Robert (Owner),7607 Houston St,Austin,TX,78713,Travis,(512) 973-7437,,,A,TX_Scraper_Austin,2026-05-07T20:53:26.852251+00:00,pending,2026-05-07T20:53:26.852253+00:00,new
TX_AUS_39421,Sushi by Carmen,sushi,Carmen (Owner),2450 Elm St,Austin,TX,78731,Travis,(737) 944-8689,,,A,TX_Scraper_Austin,2026-05-07T20:53:26.852263+00:00,pending,2026-05-07T20:53:26.852265+00:00,new
TX_AUS_14522,William's Pizza,pizza,William (Owner),7351 Elm St,Austin,TX,78753,Travis,(737) 533-5369,,,A,TX_Scraper_Austin,2026-05-07T20:53:26.852275+00:00,pending,2026-05-07T20:53:26.852277+00:00,new
TX_AUS_62875,Sofia's Chinese,chinese,Sofia (Owner),9332 Broadway,Austin,TX,78754,Travis,(512) 529-9225,,,A,TX_Scraper_Austin,2026-05-07T20:53:26.852288+00:00,pending,2026-05-07T20:53:26.852290+00:00,new
TX_AUS_47777,Jennifer's Place,bakery,Jennifer (Owner),8200 Pine St,Austin,TX,78730,Travis,(737) 985-7924,,,A,TX_Scraper_Austin,2026-05-07T20:53:26.852300+00:00,pending,2026-05-07T20:53:26.852301+00:00,new
TX_AUS_83772,The Elena Food Truck,food truck,Elena (Owner),5107 1st St,Austin,TX,78783,Travis,(737) 251-8392,,,A,TX_Scraper_Austin,2026-05-07T20:53:26.852311+00:00,pending,2026-05-07T20:53:26.852313+00:00,new
TX_AUS_58843,Carmen's Steakhouse,steakhouse,Carmen (Owner),3191 Market St,Austin,TX,78760,Travis,(737) 656-9462,,,A,TX_Scraper_Austin,2026-05-07T20:53:26.852323+00:00,pending,2026-05-07T20:53:26.852325+00:00,new
TX_AUS_74324,The Linda Breakfast,breakfast,Linda (Owner),2219 Broadway,Austin,TX,78789,Travis,(737) 754-2688,,,A,TX_Scraper_Austin,2026-05-07T20:53:26.852335+00:00,pending,2026-05-07T20:53:26.852337+00:00,new
TX_AUS_58138,Linda Italian,italian,Linda (Owner),2282 Houston St,Austin,TX,78797,Travis,(737) 471-9430,,,A,TX_Scraper_Austin,2026-05-07T20:53:26.852346+00:00,pending,2026-05-07T20:53:26.852348+00:00,new
TX_AUS_13363,Food Truck by Isabella,food truck,Isabella (Owner),199 2nd St,Austin,TX,78739,Travis,(512) 939-7699,,,A,TX_Scraper_Austin,2026-05-07T20:53:26.852368+00:00,pending,2026-05-07T20:53:26.852369+00:00,new
TX_AUS_41336,Juan's Italian,italian,Juan (Owner),2305 Dallas St,Austin,TX,78772,Travis,(737) 543-9795,,,A,TX_Scraper_Austin,2026-05-07T20:53:26.852380+00:00,pending,2026-05-07T20:53:26.852381+00:00,new
TX_AUS_86650,Diner by Jennifer,diner,Jennifer (Owner),3023 Jefferson Blvd,Austin,TX,78746,Travis,(737) 574-9159,,,A,TX_Scraper_Austin,2026-05-07T20:53:26.852391+00:00,pending,2026-05-07T20:53:26.852393+00:00,new
TX_AUS_42757,Roberto's Italian,italian,Roberto (Owner),5231 2nd St,Austin,TX,78786,Travis,(737) 983-6124,,,A,TX_Scraper_Austin,2026-05-07T20:53:26.852423+00:00,pending,2026-05-07T20:53:26.852425+00:00,new
TX_AUS_15947,Sushi by Elena,sushi,Elena (Owner),456 Maple Ave,Austin,TX,78730,Travis,(737) 634-7704,,,A,TX_Scraper_Austin,2026-05-07T20:53:26.852435+00:00,pending,2026-05-07T20:53:26.852437+00:00,new
TX_AUS_91759,The Miguel Thai,thai,Miguel (Owner),5001 Main St,Austin,TX,78714,Travis,(512) 381-8482,,,A,TX_Scraper_Austin,2026-05-07T20:53:26.852446+00:00,pending,2026-05-07T20:53:26.852448+00:00,new
TX_AUS_74259,Robert's Deli,deli,Robert (Owner),8784 Broadway,Austin,TX,78762,Travis,(512) 728-6637,,,A,TX_Scraper_Austin,2026-05-07T20:53:26.852456+00:00,pending,2026-05-07T20:53:26.852458+00:00,new
TX_AUS_57058,Linda & Family Italian,italian,Linda (Owner),1557 Dallas St,Austin,TX,78771,Travis,(737) 436-9352,,,A,TX_Scraper_Austin,2026-05-07T20:53:26.852469+00:00,pending,2026-05-07T20:53:26.852471+00:00,new
